vorname;anzahl;geschlecht;position
Adam;40;m;1
Ali;28;m;1
Amir;21;m;1
Benjamin;21;m;1
David;21;m;1
Emil;21;m;1
Leon;21;m;1
Louis;21;m;1
Noah;21;m;1
Omar;20;m;1
Elias;19;m;1
Oskar;19;m;1
Paul;19;m;1
Karl;18;m;1
Julian;17;m;1
Yusuf;17;m;1
Alexander;16;m;1
Jonas;16;m;1
Lukas;16;m;1
Vincent;16;m;1
Ibrahim;15;m;1
Maximilian;15;m;1
Muhammad;15;m;1
Felix;14;m;1
Jonathan;14;m;1
Leonard;14;m;1
Milan;14;m;1
Mohammad;14;m;1
Anton;13;m;1
Ben;13;m;1
Leo;13;m;1
Muhammed;13;m;1
Levi;12;m;1
Luis;12;m;1
Jakob;11;m;1
Liam;11;m;1
Mehmet;11;m;1
Niklas;11;m;1
Samuel;11;m;1
Theodor;11;m;1
Valentin;11;m;1
Ahmad;10;m;1
Bruno;10;m;1
Henry;10;m;1
Max;10;m;1
Mohamed;10;m;1
Theo;10;m;1
Arthur;9;m;1
Carl;9;m;1
Finn;9;m;1
Hamza;9;m;1
Julius;9;m;1
Malik;9;m;1
Mats;9;m;1
Abdullah;8;m;1
Edgar;8;m;1
Franz;8;m;1
Friedrich;8;m;1
Jamal;8;m;1
Jan;8;m;1
Leonardo;8;m;1
Luca;8;m;1
Milo;8;m;1
Mohamad;8;m;1
Moritz;8;m;1
Philipp;8;m;1
Raphael;8;m;1
Yasin;8;m;1
Aaron;7;m;1
Adrian;7;m;1
Alessio;7;m;1
Emir;7;m;1
Henri;7;m;1
Hussein;7;m;1
Jakub;7;m;1
Johan;7;m;1
John;7;m;1
Joshua;7;m;1
Lian;7;m;1
Malek;7;m;1
Mert;7;m;1
Miran;7;m;1
Mohammed;7;m;1
Ole;7;m;1
Ömer;7;m;1
Ayaz;6;m;1
Caspar;6;m;1
Erik;6;m;1
Hannes;6;m;1
Jasper;6;m;1
Johann;6;m;1
Karim;6;m;1
Kevin;6;m;1
Matteo;6;m;1
Mattis;6;m;1
Mika;6;m;1
Musa;6;m;1
Mustafa;6;m;1
Richard;6;m;1
Amar;5;m;1
Aras;5;m;1
Baran;5;m;1
Elyas;5;m;1
Emilio;5;m;1
Johannes;5;m;1
Jona;5;m;1
Justus;5;m;1
Konstantin;5;m;1
Levin;5;m;1
Linus;5;m;1
Ludwig;5;m;1
Luka;5;m;1
Luke;5;m;1
Mahmoud;5;m;1
Mateo;5;m;1
Nils;5;m;1
Pepe;5;m;1
Sam;5;m;1
Simon;5;m;1
Taha;5;m;1
Victor;5;m;1
Yi?it;5;m;1
Yunus;5;m;1
Ahmet;4;m;1
Alex;4;m;1
Antonio;4;m;1
Ari;4;m;1
Berat;4;m;1
Burak;4;m;1
Can;4;m;1
Carlo;4;m;1
Cihan;4;m;1
Damian;4;m;1
Daniel;4;m;1
Eduard;4;m;1
Emmanuel;4;m;1
Enes;4;m;1
Enzo;4;m;1
Fritz;4;m;1
Gabriel;4;m;1
Gustav;4;m;1
Hassan;4;m;1
Ilyas;4;m;1
Ismail;4;m;1
Jamie;4;m;1
Kaan;4;m;1
Khaled;4;m;1
Lars;4;m;1
Mads;4;m;1
Martin;4;m;1
Mehmed;4;m;1
Michael;4;m;1
Nathan;4;m;1
Nicolas;4;m;1
Oliver;4;m;1
Omran;4;m;1
Oscar;4;m;1
Otto;4;m;1
Philip;4;m;1
Rayan;4;m;1
Robert;4;m;1
Ruben;4;m;1
Teo;4;m;1
Till;4;m;1
Tobias;4;m;1
Tom;4;m;1
Viktor;4;m;1
Zaid;4;m;1
Ahmed;3;m;1
Akram;3;m;1
Alan;3;m;1
Alper;3;m;1
Andreas;3;m;1
Andrew;3;m;1
Angelo;3;m;1
Aron;3;m;1
Azad;3;m;1
Benedikt;3;m;1
Boris;3;m;1
Christian;3;m;1
Cillian;3;m;1
Constantin;3;m;1
Darius;3;m;1
Dean;3;m;1
Dejan;3;m;1
Elian;3;m;1
Emin;3;m;1
Enno;3;m;1
Ethan;3;m;1
Fabian;3;m;1
Fatih;3;m;1
Ferdinand;3;m;1
Filip;3;m;1
Flynn;3;m;1
Gad;3;m;1
Georg;3;m;1
Hasan;3;m;1
Henrik;3;m;1
Hugo;3;m;1
Igor;3;m;1
Ion;3;m;1
Isa;3;m;1
Issa;3;m;1
Ivan;3;m;1
Janne;3;m;1
Jannik;3;m;1
Kadir;3;m;1
Karam;3;m;1
Kian;3;m;1
Kilian;3;m;1
Lennard;3;m;1
Leopold;3;m;1
Lino;3;m;1
Lio;3;m;1
Lucas;3;m;1
Lucian;3;m;1
Mailo;3;m;1
Marcel;3;m;1
Mark;3;m;1
Marlon;3;m;1
Moussa;3;m;1
Muhamed;3;m;1
Murat;3;m;1
Nick;3;m;1
Nico;3;m;1
Nikita;3;m;1
Noel;3;m;1
Osman;3;m;1
Rafael;3;m;1
Sami;3;m;1
Selim;3;m;1
Tim;3;m;1
Timur;3;m;1
Tony;3;m;1
Umut;3;m;1
Vico;3;m;1
Wanja;3;m;1
William;3;m;1
Yazan;3;m;1
Younes;3;m;1
Youssef;3;m;1
Abdul;2;m;1
Abraham;2;m;1
Achilles;2;m;1
Adis;2;m;1
Aiden;2;m;1
Albert;2;m;1
Alen;2;m;1
Alwin;2;m;1
Anik;2;m;1
Arian;2;m;1
Arne;2;m;1
Ayaan;2;m;1
Batuhan;2;m;1
Bela;2;m;1
Bennet;2;m;1
Bennett;2;m;1
Benno;2;m;1
Berkay;2;m;1
Bilal;2;m;1
Bjarne;2;m;1
Bo;2;m;1
Casimir;2;m;1
Cedric;2;m;1
Cem;2;m;1
Charlie;2;m;1
Christopher;2;m;1
Dan;2;m;1
Danijel;2;m;1
Dante;2;m;1
Dave;2;m;1
Dawid;2;m;1
Denis;2;m;1
Devrim;2;m;1
Dylan;2;m;1
Efe;2;m;1
Ege;2;m;1
Elvin;2;m;1
Emirhan;2;m;1
Ensar;2;m;1
Eren;2;m;1
Eric;2;m;1
Ernest;2;m;1
Ertu?rul;2;m;1
Evan;2;m;1
Eyyüp;2;m;1
Faisal;2;m;1
Florian;2;m;1
Francisco;2;m;1
Frederick;2;m;1
Frederik;2;m;1
Frieder;2;m;1
Haider;2;m;1
Hamsat;2;m;1
Hans;2;m;1
Harry;2;m;1
Henning;2;m;1
Hussain;2;m;1
Hüseyin;2;m;1
?brahim;2;m;1
Ikra;2;m;1
Ilya;2;m;1
Ionut;2;m;1
Isaac;2;m;1
Jack;2;m;1
Jacob;2;m;1
Jacques;2;m;1
James;2;m;1
Jamiro;2;m;1
Jannes;2;m;1
Jayden;2;m;1
Jesaja;2;m;1
Joan;2;m;1
Jorin;2;m;1
Joseph;2;m;1
Joud;2;m;1
Juri;2;m;1
Kerem;2;m;1
Khalif;2;m;1
Khalil;2;m;1
Kolent;2;m;1
Konrad;2;m;1
Kubilay;2;m;1
Laith;2;m;1
Leonidas;2;m;1
Lias;2;m;1
Luan;2;m;1
Mahir;2;m;1
Mahmud;2;m;1
Mamadou;2;m;1
Manuel;2;m;1
Marc;2;m;1
Mario;2;m;1
Marius;2;m;1
Marvin;2;m;1
Matheo;2;m;1
Mathis;2;m;1
Mattes;2;m;1
Mattia;2;m;1
Maxime;2;m;1
Maximillian;2;m;1
Metehan;2;m;1
Miguel;2;m;1
Miko;2;m;1
Mio;2;m;1
Miraç;2;m;1
Miron;2;m;1
Nader;2;m;1
Neo;2;m;1
Nevio;2;m;1
Niko;2;m;1
Nikodem;2;m;1
Nikola;2;m;1
Nikolas;2;m;1
Nilo;2;m;1
Nino;2;m;1
Onur;2;m;1
Osama;2;m;1
Pablo;2;m;1
Pavel;2;m;1
Peter;2;m;1
Phil;2;m;1
Piet;2;m;1
Prince;2;m;1
Rabih;2;m;1
Raman;2;m;1
Ramazan;2;m;1
Rick;2;m;1
Robin;2;m;1
Rojan;2;m;1
Roman;2;m;1
Salih;2;m;1
Santiago;2;m;1
Santino;2;m;1
Sebastian;2;m;1
Semin;2;m;1
Serhat;2;m;1
Solomon;2;m;1
Stefanos;2;m;1
Süleyman;2;m;1
Tarik;2;m;1
Teodor;2;m;1
Thies;2;m;1
Thomas;2;m;1
Toni;2;m;1
Toprak;2;m;1
Tyler;2;m;1
Umar;2;m;1
Umutcan;2;m;1
Vito;2;m;1
Willem;2;m;1
Yannik;2;m;1
Yannis;2;m;1
Yassin;2;m;1
Younis;2;m;1
Yuliyan;2;m;1
Yunes;2;m;1
Ça?r?;2;m;1
Aarav;1;m;1
Aayan;1;m;1
Abd;1;m;1
Abdallah;1;m;1
Abdalrhman;1;m;1
Abdel;1;m;1
Abdelsalam;1;m;1
Abdiraxman;1;m;1
Abdul-Rahman;1;m;1
Abdul-Rohman;1;m;1
Abdulaziz;1;m;1
Abdulkadir;1;m;1
Abdulnaser;1;m;1
Abdur-Rahman;1;m;1
Abdurrakhman;1;m;1
Abdussamed;1;m;1
Abu;1;m;1
Abyan;1;m;1
Ace;1;m;1
Ace-Maximilian;1;m;1
Adar;1;m;1
Adem;1;m;1
Adi;1;m;1
Adieyan;1;m;1
Adin;1;m;1
Adnan;1;m;1
Adriano-Angelo;1;m;1
Adyan;1;m;1
Aghilas;1;m;1
Ahil;1;m;1
Ajan;1;m;1
Ajay;1;m;1
Ajdin;1;m;1
Akif;1;m;1
Akshat;1;m;1
Alay;1;m;1
Alberto;1;m;1
Aleksa;1;m;1
Aleksander;1;m;1
Alesio;1;m;1
Alessandro;1;m;1
Alexandros;1;m;1
Alexandru;1;m;1
Alexis;1;m;1
Alexsandar;1;m;1
Aleyna;1;m;1
Alihan;1;m;1
Alik;1;m;1
Alim;1;m;1
Aliz;1;m;1
Almedin;1;m;1
Almir;1;m;1
Aloys;1;m;1
Alvin;1;m;1
Alyan;1;m;1
Amani;1;m;1
Amanuel;1;m;1
Amara;1;m;1
Amedeo;1;m;1
Ameer;1;m;1
Amilio;1;m;1
Amirali;1;m;1
Amirhossein;1;m;1
Amon;1;m;1
Amr;1;m;1
Amran;1;m;1
An;1;m;1
Anas;1;m;1
Anatole;1;m;1
Andre;1;m;1
Andree;1;m;1
Andrei;1;m;1
Andrin;1;m;1
András;1;m;1
André;1;m;1
Andy;1;m;1
Angel;1;m;1
Anis;1;m;1
Ansgar;1;m;1
Ansoumane;1;m;1
Anthony;1;m;1
Anto;1;m;1
Anuuk;1;m;1
Anvin;1;m;1
Anwar;1;m;1
Arda;1;m;1
Arden;1;m;1
Arham;1;m;1
Arijano;1;m;1
Arik;1;m;1
Aris;1;m;1
Ariyan;1;m;1
Arke;1;m;1
Arlo;1;m;1
Arman;1;m;1
Armando;1;m;1
Armin;1;m;1
Arn;1;m;1
Arno;1;m;1
Artur;1;m;1
Arved-Espen;1;m;1
Arvid;1;m;1
Aryan;1;m;1
Asad;1;m;1
Asaf;1;m;1
Asgar;1;m;1
Asger;1;m;1
Ash;1;m;1
Aslan;1;m;1
Asmir;1;m;1
Atakan;1;m;1
Atilla;1;m;1
Atlas;1;m;1
Augustin;1;m;1
Aurel;1;m;1
Avi;1;m;1
Awwab;1;m;1
Ayan;1;m;1
Aydin;1;m;1
Aymar;1;m;1
Ayomide;1;m;1
Ayoub;1;m;1
Ayub;1;m;1
Ayyub;1;m;1
Azan;1;m;1
Azat;1;m;1
Azdren;1;m;1
Azem;1;m;1
Azim;1;m;1
Aziz;1;m;1
Azlan;1;m;1
Bahattin;1;m;1
Bahir;1;m;1
Bajro;1;m;1
Baki;1;m;1
Balduin;1;m;1
Bao;1;m;1
Baptiste;1;m;1
Bar??;1;m;1
Bart?omiej;1;m;1
Basel;1;m;1
Bastian;1;m;1
Belgute;1;m;1
Ben-Finley;1;m;1
Benett;1;m;1
Bent;1;m;1
Beratin;1;m;1
Berk;1;m;1
Berkan;1;m;1
Berkin;1;m;1
Beshr;1;m;1
Bilel;1;m;1
Birk;1;m;1
Birtan-Mohamed;1;m;1
Bogdan;1;m;1
Boico;1;m;1
Bojan;1;m;1
Brandon;1;m;1
Brice;1;m;1
Béla;1;m;1
B?o;1;m;1
Cajus;1;m;1
Caleb;1;m;1
Caner;1;m;1
Canpolat;1;m;1
Carlos;1;m;1
Cassander;1;m;1
Cassian;1;m;1
Cassito;1;m;1
Cebrail;1;m;1
Celal;1;m;1
Cesur;1;m;1
Cesurali;1;m;1
Chadi;1;m;1
Chaim;1;m;1
Chan;1;m;1
Charly;1;m;1
Cheick-Ahmed;1;m;1
Chris;1;m;1
Christ;1;m;1
Christoforos;1;m;1
Christoph;1;m;1
Chukwuemeka;1;m;1
Clemens;1;m;1
Clovis;1;m;1
Clément;1;m;1
Colin;1;m;1
Conradin;1;m;1
Corbin;1;m;1
Corrado;1;m;1
Cosmo;1;m;1
Cudi;1;m;1
Công;1;m;1
Cüneyt;1;m;1
Daban;1;m;1
Dajjen;1;m;1
Damien;1;m;1
Damir;1;m;1
Danie;1;m;1
Darren;1;m;1
David-Matei;1;m;1
Davud;1;m;1
Demircan;1;m;1
Denis-Ruslan;1;m;1
Deniz;1;m;1
Deniz-Kemal;1;m;1
Denizcan;1;m;1
Dennis;1;m;1
Derych;1;m;1
Devan;1;m;1
Devran;1;m;1
Dhiren-Feridun;1;m;1
Diar;1;m;1
Dijar;1;m;1
Diljaan;1;m;1
Dimitrios;1;m;1
Dimitris;1;m;1
Dimo;1;m;1
Divine;1;m;1
Diyar;1;m;1
Djura;1;m;1
Dlovan;1;m;1
Doan;1;m;1
Dogukan;1;m;1
Doha;1;m;1
Dominik;1;m;1
Dorian;1;m;1
Doruk;1;m;1
Do?ukan;1;m;1
Dwayne;1;m;1
Dylan-Noel;1;m;1
Dzenan;1;m;1
Dzevad;1;m;1
Düzgün;1;m;1
Ebubekir-Eymen;1;m;1
Eddi;1;m;1
Edin;1;m;1
Ediz;1;m;1
Edris;1;m;1
Eduard-Andrei;1;m;1
Egor;1;m;1
Einstein;1;m;1
Ekber;1;m;1
El;1;m;1
Elia;1;m;1
Eliano;1;m;1
Elias-Alexander;1;m;1
Eliaz-Malik;1;m;1
Elijah-Daniel;1;m;1
Elijah-John;1;m;1
Elijan;1;m;1
Elijano;1;m;1
Elio;1;m;1
Elisée;1;m;1
Eliyas;1;m;1
Elon;1;m;1
Elvis;1;m;1
Emad;1;m;1
Emilian;1;m;1
Emir-Ali;1;m;1
Emircan;1;m;1
Emmanouil;1;m;1
Emre;1;m;1
Engin;1;m;1
Enock;1;m;1
Enow;1;m;1
Enrico;1;m;1
Eraykan;1;m;1
Erdet;1;m;1
Ermìs;1;m;1
Eros;1;m;1
Ertugrul;1;m;1
Erturul;1;m;1
Etiam;1;m;1
Etienne;1;m;1
Eyad;1;m;1
Eymen;1;m;1
Ezra;1;m;1
Fabio;1;m;1
Fadil;1;m;1
Fadl-Abbas;1;m;1
Fahad;1;m;1
Fahed;1;m;1
Fares;1;m;1
Farin;1;m;1
Faris;1;m;1
Feodor;1;m;1
Fernando;1;m;1
Fidel;1;m;1
Filipp;1;m;1
Filippo;1;m;1
Finley;1;m;1
Finley-Christian;1;m;1
Finnlay;1;m;1
Firdeus;1;m;1
Floris;1;m;1
Floyd;1;m;1
Fouad;1;m;1
Frhad;1;m;1
Fridolin;1;m;1
Fuad;1;m;1
Furkan;1;m;1
Fynn;1;m;1
Gabrail;1;m;1
Gaizka;1;m;1
Gawad;1;m;1
George;1;m;1
Georgeos;1;m;1
Georgios;1;m;1
Gerhards;1;m;1
Ghassan;1;m;1
Gheis;1;m;1
Gideon;1;m;1
Gino;1;m;1
Glenn;1;m;1
Godstime;1;m;1
Gregory;1;m;1
Gökhan;1;m;1
Güney;1;m;1
Gürkan;1;m;1
Habib;1;m;1
Haidar;1;m;1
Hakan;1;m;1
Halit-Miran;1;m;1
Hani;1;m;1
Hans-Ludwig;1;m;1
Hassane;1;m;1
Hayati;1;m;1
Haydar;1;m;1
Hector;1;m;1
Hektor;1;m;1
Hektor-Pascal;1;m;1
Helge;1;m;1
Hendrik;1;m;1
Henri-Eilev;1;m;1
H?z?r;1;m;1
Hizqeel;1;m;1
Hoang;1;m;1
Hoàng;1;m;1
Hudaufi;1;m;1
Husam;1;m;1
Hussam;1;m;1
Iason;1;m;1
Ifediora;1;m;1
Ignatz;1;m;1
Ilay-Roméo;1;m;1
Ileas;1;m;1
Ilia;1;m;1
Ilija;1;m;1
Iljas;1;m;1
Ilkay;1;m;1
?lker;1;m;1
Ingmar;1;m;1
Irfan;1;m;1
Isaiah;1;m;1
Issam;1;m;1
Ivar;1;m;1
Ivo;1;m;1
Iwinosa;1;m;1
Izet;1;m;1
I?it;1;m;1
Jace;1;m;1
Jackson;1;m;1
Jad;1;m;1
Jaden;1;m;1
Jake;1;m;1
Jakov;1;m;1
Jama;1;m;1
Jamil;1;m;1
Janis;1;m;1
Janko;1;m;1
Jann;1;m;1
Jannis;1;m;1
Janosh;1;m;1
Jaro;1;m;1
Jaromir;1;m;1
Jaron;1;m;1
Jascha;1;m;1
Jason;1;m;1
Jawero;1;m;1
Jawid;1;m;1
Jax;1;m;1
Jay;1;m;1
Jayshanth;1;m;1
Jean;1;m;1
Jerome;1;m;1
Jerry;1;m;1
Jesko;1;m;1
Jesse;1;m;1
Jetson;1;m;1
Jevgeni;1;m;1
Jeyden-Alék;1;m;1
Jhon;1;m;1
Jia;1;m;1
Jirka;1;m;1
Jo;1;m;1
Joel;1;m;1
Joele;1;m;1
Joelle;1;m;1
Jon;1;m;1
Jonah;1;m;1
Jonjo;1;m;1
Jonte;1;m;1
Jony;1;m;1
Jood;1;m;1
Jordan;1;m;1
Jordan-Phillip;1;m;1
Jorik;1;m;1
Joris;1;m;1
Jose;1;m;1
Jossef;1;m;1
Joussef;1;m;1
Jugine;1;m;1
Julien;1;m;1
Juno;1;m;1
Jurek;1;m;1
Jussi;1;m;1
Kaba;1;m;1
Kahraman;1;m;1
Kalle;1;m;1
Kamil;1;m;1
Kareem;1;m;1
Kariem;1;m;1
Karol;1;m;1
Kasimir;1;m;1
Kassem;1;m;1
Katrin;1;m;1
Kayin;1;m;1
Kayra;1;m;1
Kazbek-Abdullah;1;m;1
Keihan;1;m;1
Keke;1;m;1
Kelvin;1;m;1
Kemal;1;m;1
Ken;1;m;1
Kenai;1;m;1
Kenan;1;m;1
Kenny;1;m;1
Keno;1;m;1
Keon;1;m;1
Keremcan;1;m;1
Kerim;1;m;1
Kha;1;m;1
Kiano;1;m;1
Kiesse;1;m;1
Kim;1;m;1
Kimathi;1;m;1
King;1;m;1
Kiyan;1;m;1
Kjell;1;m;1
Kobi;1;m;1
Koray;1;m;1
Kris;1;m;1
Kristijan;1;m;1
Kurt;1;m;1
Kuzey;1;m;1
Kyle;1;m;1
Labeeb;1;m;1
Lael;1;m;1
Lamali;1;m;1
Laron;1;m;1
Lasse;1;m;1
Laurent;1;m;1
Laurenz;1;m;1
Laurids;1;m;1
Laurin;1;m;1
Lawand;1;m;1
Leander;1;m;1
Leano-Noan;1;m;1
Lech;1;m;1
Ledion;1;m;1
Lejan;1;m;1
Lennert;1;m;1
Lenni;1;m;1
Lennox;1;m;1
Lennox-Liam;1;m;1
Leon-Finn;1;m;1
Leon-Kerim;1;m;1
Leone;1;m;1
Leonel;1;m;1
Leonhard;1;m;1
Leroy;1;m;1
Levan;1;m;1
Levent;1;m;1
Levon;1;m;1
Lex;1;m;1
León;1;m;1
Lionel;1;m;1
Liyan;1;m;1
Liyou;1;m;1
Lloyd;1;m;1
Lolade;1;m;1
Lorans;1;m;1
Lorenz;1;m;1
Lorian;1;m;1
Lou;1;m;1
Louie;1;m;1
Lounis;1;m;1
Lovis;1;m;1
Luan-Fayn;1;m;1
Luca-Franz;1;m;1
Luca-Fynn;1;m;1
Luca-John;1;m;1
Lucien;1;m;1
Luigi;1;m;1
Luis-Marco;1;m;1
Lumi;1;m;1
Lunis;1;m;1
Lurans;1;m;1
Lutz;1;m;1
Luzio;1;m;1
Lyuis;1;m;1
Mael;1;m;1
Maged;1;m;1
Mahad;1;m;1
Mahbeer;1;m;1
Mahdi;1;m;1
Mahin;1;m;1
Mahran;1;m;1
Maika;1;m;1
Majd;1;m;1
Majid;1;m;1
Majkel;1;m;1
Maksim;1;m;1
Malachy;1;m;1
Malique;1;m;1
Malte;1;m;1
Mani;1;m;1
Marcell;1;m;1
Marek;1;m;1
Marijan;1;m;1
Marwan;1;m;1
Matti;1;m;1
Matts;1;m;1
Matwej;1;m;1
Maurits;1;m;1
Mauritz;1;m;1
Max-André;1;m;1
Max-Hubertus;1;m;1
Maxim;1;m;1
Mayank;1;m;1
Mazin;1;m;1
Meer;1;m;1
Mehdi;1;m;1
Meir;1;m;1
Melvin;1;m;1
Memet;1;m;1
Menachem;1;m;1
Mendel;1;m;1
Merdan;1;m;1
Mert-Baran;1;m;1
Mevlüt;1;m;1
Mian;1;m;1
Micha;1;m;1
Michaelangel;1;m;1
Michel;1;m;1
Mickey;1;m;1
Mihaijlo;1;m;1
Mihail;1;m;1
Mihajlo;1;m;1
Miika;1;m;1
Mikaeil;1;m;1
Mikael;1;m;1
Mikail;1;m;1
Miki;1;m;1
Milan-Luan;1;m;1
Milow;1;m;1
Minh;1;m;1
Mirac;1;m;1
Miro;1;m;1
Miroslav;1;m;1
Mitja;1;m;1
Mivan;1;m;1
Mjed;1;m;1
Mohammadreza;1;m;1
Monaco;1;m;1
Monzr;1;m;1
Mosaef;1;m;1
Motassem;1;m;1
Mouayed;1;m;1
Muhamad;1;m;1
Muhamet;1;m;1
Muhammed-Yi?it;1;m;1
Munir;1;m;1
Murad;1;m;1
Murel;1;m;1
Murtezan;1;m;1
Musab-?lyas;1;m;1
Mussa;1;m;1
Muzzammil;1;m;1
Mykel;1;m;1
Mylius;1;m;1
Mêrxas;1;m;1
Müslüm;1;m;1
Nabil;1;m;1
Nadav;1;m;1
Nalin;1;m;1
Nando;1;m;1
Naoki;1;m;1
Narcis-Rafael;1;m;1
Nashwan;1;m;1
Natan;1;m;1
Nathanael;1;m;1
Ndiambie;1;m;1
Nelson;1;m;1
Nemat;1;m;1
Nermin;1;m;1
Nesta;1;m;1
Nevis;1;m;1
Niccolò;1;m;1
Nico-Philip;1;m;1
Nicus;1;m;1
Niels;1;m;1
Nik;1;m;1
Nika;1;m;1
Niklaas;1;m;1
Nikolai;1;m;1
Nion;1;m;1
Nishan;1;m;1
Njörd;1;m;1
Noa;1;m;1
Noam;1;m;1
Nolan;1;m;1
Nor;1;m;1
Norik;1;m;1
Nosakhare;1;m;1
Noël;1;m;1
Ntoous;1;m;1
Nur;1;m;1
Nuri;1;m;1
Nurullah;1;m;1
Néo;1;m;1
Obaida;1;m;1
Odai;1;m;1
Odin;1;m;1
Olasunkanmi;1;m;1
Oliwier;1;m;1
Omajun;1;m;1
Omer;1;m;1
Onsi;1;m;1
Ortwin;1;m;1
Osakpolor;1;m;1
Oskaras;1;m;1
Ovidi;1;m;1
Owen;1;m;1
O?uz;1;m;1
Parsa;1;m;1
Passy;1;m;1
Patrick;1;m;1
Paulus;1;m;1
Phillip;1;m;1
Poyraz;1;m;1
Prosper;1;m;1
Quang;1;m;1
Quentin;1;m;1
Quinn;1;m;1
Quoc;1;m;1
Radmehr;1;m;1
Rahim;1;m;1
Raik;1;m;1
Rajan;1;m;1
Rami;1;m;1
Ranim;1;m;1
Rasim;1;m;1
Rasmus;1;m;1
Ratomir;1;m;1
Rawad;1;m;1
Rayyan;1;m;1
Recep;1;m;1
Reda;1;m;1
Redon;1;m;1
Reduan;1;m;1
Reevo;1;m;1
Reinis;1;m;1
Remy;1;m;1
Resul;1;m;1
Rezan;1;m;1
Riaan;1;m;1
Ribal;1;m;1
Ricardo;1;m;1
Richmond;1;m;1
Rio;1;m;1
Riyan;1;m;1
Rocco;1;m;1
Ronaldo;1;m;1
Ruben-Tadeusz;1;m;1
Rubén;1;m;1
Rudolf;1;m;1
Rumen;1;m;1
Rune;1;m;1
Ryan;1;m;1
Ryder;1;m;1
Ryk;1;m;1
Rüzgar;1;m;1
R?ben;1;m;1
Saadeddin;1;m;1
Sabit;1;m;1
Sadam;1;m;1
Sadwyn;1;m;1
Said;1;m;1
Salahuddin;1;m;1
Salim;1;m;1
Saman;1;m;1
Same;1;m;1
Samer;1;m;1
Samiro;1;m;1
Sammy;1;m;1
Sanay;1;m;1
Santonel;1;m;1
Sasha;1;m;1
Satvik;1;m;1
Sawasch;1;m;1
Sayed;1;m;1
Schamchan;1;m;1
Sekou;1;m;1
Seldin;1;m;1
Sellahatin;1;m;1
Semir;1;m;1
Sergey;1;m;1
Severin;1;m;1
Sevgi;1;m;1
Seydi;1;m;1
Seyed;1;m;1
Seyfeddeen;1;m;1
Seyhan;1;m;1
Shahan;1;m;1
Shahzad;1;m;1
Shaker;1;m;1
Sharf;1;m;1
Shayan;1;m;1
Shero;1;m;1
Shourya;1;m;1
Siegfried;1;m;1
Silas;1;m;1
Simeon;1;m;1
Sinan;1;m;1
Sipan;1;m;1
Sivan;1;m;1
Skylar;1;m;1
Sobhan;1;m;1
Soulaiman;1;m;1
Souleymane;1;m;1
Stefan;1;m;1
Stelian;1;m;1
Stepan;1;m;1
Stephan;1;m;1
Stephen;1;m;1
Steve;1;m;1
Steward;1;m;1
Stewart;1;m;1
Stojan;1;m;1
Stuart;1;m;1
Subhan;1;m;1
Sulaiman;1;m;1
Sultan;1;m;1
Syam;1;m;1
Syed;1;m;1
Sylvester;1;m;1
Taem;1;m;1
Tahir;1;m;1
Taim;1;m;1
Taleb;1;m;1
Talha;1;m;1
Tamin;1;m;1
Taner;1;m;1
Tanush;1;m;1
Tarion;1;m;1
Taylan;1;m;1
Tayyar;1;m;1
Temitayo;1;m;1
Tewodros;1;m;1
Teym;1;m;1
Thanaphat;1;m;1
Theodoro;1;m;1
Thiên;1;m;1
Thi?n;1;m;1
Thor-Baldur;1;m;1
Tiawe;1;m;1
Tibet;1;m;1
Tibor;1;m;1
Tihomir;1;m;1
Tijan;1;m;1
Til;1;m;1
Tillmann;1;m;1
Timo;1;m;1
Timofei;1;m;1
Timotei;1;m;1
Timothy;1;m;1
Titian;1;m;1
Tjark;1;m;1
Todd;1;m;1
Tomas;1;m;1
Tomasz;1;m;1
Tommy;1;m;1
Tonda;1;m;1
Traian;1;m;1
Trifon;1;m;1
Trinh;1;m;1
Tr?nh;1;m;1
Tsebo;1;m;1
Tupac;1;m;1
Tuâ?;1;m;1
Tylér;1;m;1
Tymon;1;m;1
Tyresse;1;m;1
Tâm;1;m;1
Ubada;1;m;1
Udaiy;1;m;1
Ulrich;1;m;1
Umeyr;1;m;1
Usama;1;m;1
Usama-Nuruddin;1;m;1
Vadican;1;m;1
Valentino;1;m;1
Valeri;1;m;1
Vehbi;1;m;1
Veit;1;m;1
Vergil;1;m;1
Viet;1;m;1
Viggo;1;m;1
Vigo;1;m;1
Vihaan;1;m;1
Vilém;1;m;1
Vinnycius;1;m;1
Vlad;1;m;1
Vuk;1;m;1
V?;1;m;1
Walid;1;m;1
Wallat;1;m;1
Walter;1;m;1
Wiam;1;m;1
Wiktor;1;m;1
Willi;1;m;1
Willie;1;m;1
Wilson;1;m;1
Wilt;1;m;1
Wim;1;m;1
Wissam;1;m;1
Wyatt;1;m;1
Yaakob;1;m;1
Yahya;1;m;1
Yaman;1;m;1
Yanis;1;m;1
Yannick;1;m;1
Yaron;1;m;1
Yasha;1;m;1
Yashar;1;m;1
Yasien;1;m;1
Yasir;1;m;1
Yasser;1;m;1
Yassin-Mohammad;1;m;1
Yavuz;1;m;1
Ya??z;1;m;1
Ya?mur;1;m;1
Ya?ar;1;m;1
Ya?ar;1;m;1
Yerima;1;m;1
Yidier;1;m;1
Yi?ithan;1;m;1
Yona;1;m;1
Yonas;1;m;1
Yorick;1;m;1
Yotam;1;m;1
Yousef;1;m;1
Youssuf;1;m;1
Youzarsif;1;m;1
Ysouf;1;m;1
Yu-An;1;m;1
Yuri;1;m;1
Yusef;1;m;1
Yussef;1;m;1
Yusuf-Ali;1;m;1
Yusufcan;1;m;1
Yuuri;1;m;1
Yu?a;1;m;1
Zackary;1;m;1
Zakaria;1;m;1
Zein;1;m;1
Zekeriya;1;m;1
Zen;1;m;1
Zhivko;1;m;1
Ziad;1;m;1
Zian;1;m;1
Ziyad;1;m;1
Zohar;1;m;1
Zoran-Aleksander;1;m;1
Álvaro;1;m;1
Ömer-Faruk;1;m;1
Ömerhalis;1;m;1
??ng;1;m;1
??c;1;m;1
Šahman;1;m;1
Žarko;1;m;1
Alexander;31;m;2
Ali;22;m;2
David;15;m;2
Maximilian;14;m;2
Paul;13;m;2
Benjamin;12;m;2
Felix;10;m;2
Emil;9;m;2
Michael;9;m;2
Valentin;9;m;2
Adrian;8;m;2
Daniel;8;m;2
Elias;8;m;2
Johann;8;m;2
Karl;8;m;2
Can;7;m;2
Frederik;7;m;2
Gabriel;7;m;2
Jonathan;7;m;2
Leonard;7;m;2
Constantin;6;m;2
Efe;6;m;2
Joel;6;m;2
Julius;6;m;2
Leo;6;m;2
Liam;6;m;2
Louis;6;m;2
Ludwig;6;m;2
Otto;6;m;2
Antonio;5;m;2
August;5;m;2
Christian;5;m;2
Friedrich;5;m;2
Leopold;5;m;2
Levi;5;m;2
Luis;5;m;2
Max;5;m;2
Noah;5;m;2
Raphael;5;m;2
Theodor;5;m;2
Thomas;5;m;2
B?o;4;m;2
Henry;4;m;2
Ibrahim;4;m;2
Jakob;4;m;2
James;4;m;2
Josef;4;m;2
Klaus;4;m;2
Leon;4;m;2
Mustafa;4;m;2
Ole;4;m;2
Oskar;4;m;2
Sebastian;4;m;2
Willi;4;m;2
Yasin;4;m;2
Abdurrahman;3;m;2
Alessio;3;m;2
Andreas;3;m;2
Anh;3;m;2
Arthur;3;m;2
Aslan;3;m;2
Ben;3;m;2
Carl;3;m;2
Caspar;3;m;2
Christoph;3;m;2
Damian;3;m;2
Dominik;3;m;2
Edward;3;m;2
Emanuel;3;m;2
Emir;3;m;2
Emre;3;m;2
Ethan;3;m;2
Florian;3;m;2
Franz;3;m;2
Fredrik;3;m;2
Fritz;3;m;2
Georg;3;m;2
Hans;3;m;2
Heinrich;3;m;2
Jan;3;m;2
Jonas;3;m;2
Julian;3;m;2
Kai;3;m;2
Kevin;3;m;2
Levin;3;m;2
Lukas;3;m;2
Malik;3;m;2
Markus;3;m;2
Martin;3;m;2
Matteo;3;m;2
Maxim;3;m;2
Minh;3;m;2
Muhammed;3;m;2
Nathan;3;m;2
Oliver;3;m;2
Oscar;3;m;2
Osman;3;m;2
Patrick;3;m;2
Philipp;3;m;2
René;3;m;2
Richard;3;m;2
Robert;3;m;2
Samuel;3;m;2
Talha;3;m;2
Vincent;3;m;2
Wilhelm;3;m;2
Yusuf;3;m;2
Aaron;2;m;2
Ahmed;2;m;2
Albert;2;m;2
Alexis;2;m;2
Alfred;2;m;2
Amin;2;m;2
André;2;m;2
Anton;2;m;2
Ari;2;m;2
Arne;2;m;2
Arnold;2;m;2
Asenov;2;m;2
Axel;2;m;2
Balthasar;2;m;2
Cahit;2;m;2
Cemal;2;m;2
Charles;2;m;2
Christopher;2;m;2
Damien;2;m;2
Deniz;2;m;2
Dietmar;2;m;2
Domenico;2;m;2
Eduardo;2;m;2
Elliot;2;m;2
Elyas;2;m;2
Emran;2;m;2
Enes;2;m;2
Ephraim;2;m;2
Ernesto;2;m;2
Eymen;2;m;2
Fabian;2;m;2
Ferdinand;2;m;2
Gia;2;m;2
Halil;2;m;2
Hamza;2;m;2
Han;2;m;2
Hasan;2;m;2
Henri;2;m;2
Hermann;2;m;2
Hussein;2;m;2
Iliev;2;m;2
Ilyas;2;m;2
Isaak;2;m;2
Ivo;2;m;2
Jacob;2;m;2
Jannis;2;m;2
Jasper;2;m;2
Joachim;2;m;2
Johannes;2;m;2
Jordan;2;m;2
Joseph;2;m;2
Joél;2;m;2
Kaan;2;m;2
Kerem;2;m;2
Khan;2;m;2
Konrad;2;m;2
Leano;2;m;2
Lennox;2;m;2
Leonhard;2;m;2
Leonid;2;m;2
Linus;2;m;2
Lion;2;m;2
Lucien;2;m;2
Luka;2;m;2
László;2;m;2
Magnus;2;m;2
Manuel;2;m;2
Marcel;2;m;2
Marek;2;m;2
Maria;2;m;2
Mariusz;2;m;2
Mateo;2;m;2
Mateusz;2;m;2
Matthias;2;m;2
Matti;2;m;2
Maurice;2;m;2
Mehmet;2;m;2
Miran;2;m;2
Musab;2;m;2
Nehemia;2;m;2
Nikolas;2;m;2
Nils;2;m;2
Noel;2;m;2
Patrice;2;m;2
Peter;2;m;2
Piet;2;m;2
Piotr;2;m;2
Rayan;2;m;2
Ruben;2;m;2
Rudi;2;m;2
Ryan;2;m;2
Said;2;m;2
Siegfried;2;m;2
Simon;2;m;2
Stefan;2;m;2
Stefanov;2;m;2
Stephan;2;m;2
Suzanov;2;m;2
Tom;2;m;2
Tony;2;m;2
Vasilev;2;m;2
Wolfgang;2;m;2
Xaver;2;m;2
Yakup;2;m;2
Yilmaz;2;m;2
Ömer;2;m;2
??t;2;m;2
;1;m;2
Abdelwahab;1;m;2
Abdul;1;m;2
Aboagye;1;m;2
Abudi;1;m;2
Ace;1;m;2
Achim;1;m;2
Achmed;1;m;2
Adam;1;m;2
Adamovi?;1;m;2
Addi;1;m;2
Adeboye;1;m;2
Adofo;1;m;2
Adriano;1;m;2
Adrianov;1;m;2
Adrijano;1;m;2
Agbor;1;m;2
Agustin;1;m;2
Ahmad;1;m;2
Ailín;1;m;2
Akachi;1;m;2
Al-Rida;1;m;2
Alaa;1;m;2
Alaz;1;m;2
Aldar;1;m;2
Aldeen;1;m;2
Aleksandrov;1;m;2
Aleksandrovi?;1;m;2
Alekseevi?;1;m;2
Alen;1;m;2
Alex;1;m;2
Alexandru;1;m;2
Aleydinov;1;m;2
Alfaruk;1;m;2
Alfath;1;m;2
Alievi?;1;m;2
Alisijo;1;m;2
Alois;1;m;2
Alp;1;m;2
Alparslan;1;m;2
Alperen;1;m;2
Alrahman;1;m;2
Alvar;1;m;2
Alward;1;m;2
Amirabbas;1;m;2
Amon;1;m;2
An;1;m;2
Anastasios;1;m;2
Anatol;1;m;2
Anders;1;m;2
Andreevich;1;m;2
Aneliyov;1;m;2
Angelov;1;m;2
Anka;1;m;2
Ankomah-Gyese;1;m;2
Anshu;1;m;2
Antoanetov;1;m;2
Antoni;1;m;2
Antony;1;m;2
Anuar;1;m;2
Anucha;1;m;2
Apollo;1;m;2
Arco-Alexander;1;m;2
Arman;1;m;2
Armin;1;m;2
Arnolf;1;m;2
Arsalan;1;m;2
Artus;1;m;2
Artyom;1;m;2
Arvid;1;m;2
Asaf;1;m;2
Asanov;1;m;2
Asumi;1;m;2
Aurelio;1;m;2
Aurelius;1;m;2
Aurlendo;1;m;2
Aurélien;1;m;2
Aysunov;1;m;2
Ayyoub;1;m;2
Azrafi;1;m;2
Bakir;1;m;2
Bankov;1;m;2
Bao;1;m;2
Barnabas;1;m;2
Basri;1;m;2
Bastian;1;m;2
Baysangurovi?;1;m;2
Behros;1;m;2
Benedict;1;m;2
Bennett;1;m;2
Berat;1;m;2
Berkan;1;m;2
Bernhard;1;m;2
Berrak;1;m;2
Beyra;1;m;2
Bhoye;1;m;2
Biban;1;m;2
Bignon;1;m;2
Bivo;1;m;2
Bjartur;1;m;2
Björn;1;m;2
Blake;1;m;2
Brian;1;m;2
Burkhard;1;m;2
Bách;1;m;2
Bálint;1;m;2
Béla;1;m;2
Cafer;1;m;2
Cankut;1;m;2
Carlo;1;m;2
Carsten;1;m;2
Carter;1;m;2
Casimir;1;m;2
Cato;1;m;2
Cayden;1;m;2
Cecyl;1;m;2
Cem;1;m;2
Cengiz;1;m;2
Cerejo;1;m;2
Charlie;1;m;2
Charly;1;m;2
Chehade;1;m;2
Chibueze;1;m;2
Chidubem;1;m;2
Claudiu;1;m;2
Clemens;1;m;2
Clément;1;m;2
Crispin;1;m;2
Daan;1;m;2
Damir;1;m;2
Dave;1;m;2
Dean;1;m;2
Delil;1;m;2
Delon;1;m;2
Dembe;1;m;2
Demian;1;m;2
Denisov;1;m;2
Dennis;1;m;2
Dewi;1;m;2
Deyanov;1;m;2
Diepriye;1;m;2
Dieter;1;m;2
Dietrich;1;m;2
Dilyanov;1;m;2
Din;1;m;2
Dinkov;1;m;2
Dirk;1;m;2
Diyanov;1;m;2
Donev;1;m;2
Dorian;1;m;2
Do?a;1;m;2
Do?an;1;m;2
Dylan;1;m;2
Dzemail;1;m;2
Ebubemuonso;1;m;2
Edgar;1;m;2
Eduard;1;m;2
Eghosa;1;m;2
Egon;1;m;2
Eldin;1;m;2
Eliah;1;m;2
Elian;1;m;2
Elija;1;m;2
Elim;1;m;2
Elliott;1;m;2
Ellis;1;m;2
Emilian;1;m;2
Emilio;1;m;2
Emin;1;m;2
Emirhan;1;m;2
Emmanuel;1;m;2
Emmet;1;m;2
Emrah;1;m;2
Enam;1;m;2
Enkh-Od;1;m;2
Enno;1;m;2
Enrico;1;m;2
Eosphoros;1;m;2
Eraj;1;m;2
Eray;1;m;2
Erdin;1;m;2
Eric;1;m;2
Erich;1;m;2
Erol;1;m;2
Eser;1;m;2
Essoznley;1;m;2
Eugenius;1;m;2
Evgeniev;1;m;2
Eyyub;1;m;2
Fabien;1;m;2
Faiz;1;m;2
Farkas;1;m;2
Fayazuddin;1;m;2
Fazal;1;m;2
Feimov;1;m;2
Felipe;1;m;2
Ferdi;1;m;2
Fiete;1;m;2
Filipov;1;m;2
Finley;1;m;2
Finn;1;m;2
Flint;1;m;2
Florentin;1;m;2
Florenzo;1;m;2
Francis;1;m;2
Frank;1;m;2
Franziskus;1;m;2
Fred;1;m;2
Frederick;1;m;2
Fyn;1;m;2
Fynn;1;m;2
Galinov;1;m;2
Geert;1;m;2
George;1;m;2
Georgio;1;m;2
Georgios;1;m;2
Gerhard;1;m;2
Giordano;1;m;2
Giovanni;1;m;2
Gofurovich;1;m;2
Gram;1;m;2
Gregor;1;m;2
Guillaume;1;m;2
Guilly;1;m;2
Gustav;1;m;2
Güne?;1;m;2
Günther;1;m;2
Haakon;1;m;2
Hakki;1;m;2
Halisdemir;1;m;2
Haron;1;m;2
Hassan;1;m;2
Helmers;1;m;2
Henrick;1;m;2
Henrik;1;m;2
Henrique;1;m;2
Henryk;1;m;2
Herbert;1;m;2
Hiskia;1;m;2
Hizir;1;m;2
Hoang;1;m;2
Hubert;1;m;2
Hubertus;1;m;2
Hugo;1;m;2
Hung;1;m;2
Huy;1;m;2
H?ng;1;m;2
H?i;1;m;2
Iakhiaevi?;1;m;2
Ibadula;1;m;2
?brahim;1;m;2
Idrissa;1;m;2
Ievgenovi?;1;m;2
Ifiok;1;m;2
Ignatov;1;m;2
Igorovi?;1;m;2
Ilhan;1;m;2
Imanuel;1;m;2
Immanuel;1;m;2
Imran;1;m;2
Iolo;1;m;2
Ionel;1;m;2
Iraj;1;m;2
Isaac;1;m;2
Isabey;1;m;2
Isaiah;1;m;2
Isak;1;m;2
Ismael;1;m;2
Ismail;1;m;2
Ismet;1;m;2
Itunuoluwa;1;m;2
Ivan;1;m;2
Jaciel;1;m;2
Jaleel;1;m;2
Jamal;1;m;2
Jamil;1;m;2
Jannie;1;m;2
Janosh;1;m;2
Jarno;1;m;2
Jarun;1;m;2
Jasmin;1;m;2
Jastin;1;m;2
Javad;1;m;2
Jawad;1;m;2
Jay;1;m;2
Jean;1;m;2
Jeff;1;m;2
Jens;1;m;2
Jermain;1;m;2
Jessrim;1;m;2
Jibriel;1;m;2
Jim;1;m;2
Joaquín;1;m;2
Jobst;1;m;2
Joe;1;m;2
Johan;1;m;2
John;1;m;2
Jona;1;m;2
Jonah;1;m;2
Joran;1;m;2
Jordy;1;m;2
Jorin;1;m;2
Joris;1;m;2
Joshua;1;m;2
Juha;1;m;2
Juho;1;m;2
Junaid;1;m;2
Justin;1;m;2
János;1;m;2
Jörg;1;m;2
Karogo;1;m;2
Karol;1;m;2
Karsten;1;m;2
Kasimir;1;m;2
Kasper;1;m;2
Katev;1;m;2
Kazim;1;m;2
Ka?an;1;m;2
Kem;1;m;2
Keyan;1;m;2
Khang;1;m;2
Khôi;1;m;2
Kian;1;m;2
Kijell;1;m;2
Kilian;1;m;2
Kimaati;1;m;2
Koceila;1;m;2
Kofi;1;m;2
Kolumbus;1;m;2
Konstantin;1;m;2
Kopano;1;m;2
Korbinian;1;m;2
Krillovi?;1;m;2
Kurtulus;1;m;2
Lam;1;m;2
Lasse;1;m;2
Laszlo;1;m;2
Lateef;1;m;2
Latif;1;m;2
Laurenz;1;m;2
Laurin;1;m;2
Leander;1;m;2
Leigh;1;m;2
Lenz;1;m;2
Levio;1;m;2
Levy;1;m;2
Lewin;1;m;2
Lewis;1;m;2
Li;1;m;2
Lifu;1;m;2
Lillebror;1;m;2
Lindus;1;m;2
Link;1;m;2
Lino;1;m;2
Llewyn;1;m;2
Lloyd;1;m;2
Loakim;1;m;2
Lorenzo;1;m;2
Lotta;1;m;2
Lou;1;m;2
Lovis;1;m;2
Luc;1;m;2
Luca;1;m;2
Lucas;1;m;2
Lucca;1;m;2
Lumen;1;m;2
Lutz;1;m;2
Luys;1;m;2
Lwanga;1;m;2
Léopold;1;m;2
L?c;1;m;2
Mads;1;m;2
Mahdi;1;m;2
Maher;1;m;2
Maik;1;m;2
Majkon;1;m;2
Maksymilian;1;m;2
Malhotra;1;m;2
Malikovi?;1;m;2
Malte;1;m;2
Mamamovi?;1;m;2
Manfred;1;m;2
Manfredi;1;m;2
Mango;1;m;2
Manél;1;m;2
Marc;1;m;2
Marco;1;m;2
Marcus;1;m;2
Mariev;1;m;2
Mario;1;m;2
Marti;1;m;2
Martinev;1;m;2
Massoua;1;m;2
Mathias;1;m;2
Mathéo;1;m;2
Matthew;1;m;2
Matthis;1;m;2
Maycol;1;m;2
Mehimede;1;m;2
Meir;1;m;2
Mendel;1;m;2
Menem;1;m;2
Merlin;1;m;2
Mert;1;m;2
Mevlüt;1;m;2
Michailovi?;1;m;2
Michel;1;m;2
Mihai;1;m;2
Mihailov;1;m;2
Mikael;1;m;2
Milano;1;m;2
Mili;1;m;2
Milkov;1;m;2
Milo;1;m;2
Minica;1;m;2
Mio;1;m;2
Mischa;1;m;2
Mitchell;1;m;2
Molie;1;m;2
Moses;1;m;2
Moussa;1;m;2
Mugwanja;1;m;2
Muhammad;1;m;2
Muhyi;1;m;2
Muradovi?;1;m;2
Murat;1;m;2
Musa;1;m;2
Mustafov;1;m;2
Mykolaevi?;1;m;2
Nabil;1;m;2
Nader;1;m;2
Nahar;1;m;2
Naim;1;m;2
Najil;1;m;2
Nando;1;m;2
Nanin;1;m;2
Narcisse;1;m;2
Nassimovi?;1;m;2
Nathaniel;1;m;2
Nawal;1;m;2
Nehi;1;m;2
Neliov;1;m;2
Nepomuk;1;m;2
Nestor;1;m;2
Nguyen;1;m;2
Nhan;1;m;2
Nhân;1;m;2
Nias;1;m;2
Nicholas;1;m;2
Nick;1;m;2
Nicolas;1;m;2
Nikita;1;m;2
Niklas;1;m;2
Nikodemus;1;m;2
Nikolaev;1;m;2
Nikolai;1;m;2
Nikolayevi?;1;m;2
Niyazi;1;m;2
Noam;1;m;2
Noan;1;m;2
Nour;1;m;2
Ntui;1;m;2
Nyuguna;1;m;2
Nzepang;1;m;2
Nélio;1;m;2
Obasohan;1;m;2
Octavius;1;m;2
Ognjen;1;m;2
Oleksandravi?;1;m;2
Oleksìjovi?;1;m;2
Olivier;1;m;2
Olutayo;1;m;2
Oluwadamilare;1;m;2
Onni;1;m;2
Onuk;1;m;2
Osaruese;1;m;2
Osinachi;1;m;2
Otis;1;m;2
Otmar;1;m;2
Owais;1;m;2
Pablo;1;m;2
Panagiotis;1;m;2
Paolo;1;m;2
Paquin;1;m;2
Pascal;1;m;2
Pedro;1;m;2
Pepe;1;m;2
Per;1;m;2
Philip;1;m;2
Philippe;1;m;2
Phuc;1;m;2
Phu?;1;m;2
Phúc;1;m;2
Pietro;1;m;2
Plamenov;1;m;2
Quirin;1;m;2
Radkov;1;m;2
Rahman;1;m;2
Raiquen;1;m;2
Rajendra;1;m;2
Ralf;1;m;2
Raynov;1;m;2
Raza;1;m;2
Reda;1;m;2
Reddy;1;m;2
Reyan;1;m;2
Reza;1;m;2
Re?at;1;m;2
Ricardo;1;m;2
Richman;1;m;2
Robi;1;m;2
Robin;1;m;2
Rodi;1;m;2
Roman;1;m;2
Romano;1;m;2
Rostislavovich;1;m;2
Roy;1;m;2
Royal;1;m;2
Rudolf;1;m;2
Ryszard;1;m;2
Saarim;1;m;2
Saddik;1;m;2
Saifuddin;1;m;2
Saim;1;m;2
Saliou;1;m;2
Salvador;1;m;2
Samar;1;m;2
Samaris;1;m;2
Sami;1;m;2
Sammi;1;m;2
Samson;1;m;2
Samuilev;1;m;2
Sandev;1;m;2
Sanjo;1;m;2
Santiano;1;m;2
Sashev;1;m;2
Sedat;1;m;2
Selimanov;1;m;2
Semih;1;m;2
Serhat;1;m;2
Seval;1;m;2
Sevdalinov;1;m;2
Sevdin;1;m;2
Sevdzhan;1;m;2
Sevil;1;m;2
Seydou;1;m;2
Sezer;1;m;2
Shaad;1;m;2
Shamilovi?;1;m;2
Shenol;1;m;2
Shiu;1;m;2
Sidi;1;m;2
S?leman;1;m;2
Sinanov;1;m;2
Sirius;1;m;2
Skauen;1;m;2
Sobek;1;m;2
Soulemane;1;m;2
Stanislaw;1;m;2
Stig;1;m;2
Sultan;1;m;2
Sylvain;1;m;2
Szczepan;1;m;2
Séan;1;m;2
Tade;1;m;2
Taha;1;m;2
Tahir;1;m;2
Tahsin;1;m;2
Talitov;1;m;2
Taylan;1;m;2
Tennessee;1;m;2
Thaddäus;1;m;2
Theo;1;m;2
Thiên;1;m;2
Thoralf;1;m;2
Thornes;1;m;2
Tiberius;1;m;2
Titus;1;m;2
Ti?n;1;m;2
Tobias;1;m;2
Todorov;1;m;2
Tristan;1;m;2
Tsenkov;1;m;2
Turan;1;m;2
Tu?ra;1;m;2
Udo;1;m;2
Umarovi?;1;m;2
Uno;1;m;2
Uwe;1;m;2
U?ur;1;m;2
Valentinov;1;m;2
Valentinovi?;1;m;2
Valerian;1;m;2
Vedat;1;m;2
Veli;1;m;2
Veysel;1;m;2
Vicente;1;m;2
Victor;1;m;2
Viktor;1;m;2
Vi?t-Anh;1;m;2
Vlad;1;m;2
Vladimirov;1;m;2
Walid;1;m;2
Walter;1;m;2
Wealth;1;m;2
Wei;1;m;2
Welenton;1;m;2
Wen-Chi;1;m;2
Werner;1;m;2
Wie;1;m;2
Wilfried;1;m;2
Willem;1;m;2
William;1;m;2
Yahya;1;m;2
Yaseen;1;m;2
Yehia;1;m;2
Yi?it;1;m;2
Yohanov;1;m;2
Yu;1;m;2
Yunus;1;m;2
Yusuke;1;m;2
Zaki;1;m;2
Zayan;1;m;2
Zbigniew;1;m;2
Zoran;1;m;2
Zubeyr;1;m;2
Zvezdelinov;1;m;2
Ângelo;1;m;2
Émile;1;m;2
Émilien;1;m;2
??c;1;m;2
Alexander;4;m;3
Michael;4;m;3
Emil;3;m;3
Ferdinand;3;m;3
Friedrich;3;m;3
Albrecht;2;m;3
Andreas;2;m;3
Anh;2;m;3
Benedikt;2;m;3
Danny;2;m;3
David;2;m;3
Erdmann;2;m;3
Frederik;2;m;3
Georg;2;m;3
Heinrich;2;m;3
Helmut;2;m;3
Jeremy;2;m;3
Johann;2;m;3
Josef;2;m;3
Joseph;2;m;3
Lee;2;m;3
Maria;2;m;3
Max;2;m;3
Navne;2;m;3
Richard;2;m;3
Thomas;2;m;3
Tony;2;m;3
Ulrich;2;m;3
Willi;2;m;3
Wolfgang;2;m;3
Abbas;1;m;3
Abel;1;m;3
Adrien;1;m;3
Akili;1;m;3
Albert;1;m;3
Aldin;1;m;3
Amin;1;m;3
Amitayus;1;m;3
Andreevi?;1;m;3
André;1;m;3
Anton;1;m;3
Arthur;1;m;3
Artur;1;m;3
Atirr;1;m;3
Augustin;1;m;3
Balthasar;1;m;3
Benjamin;1;m;3
Berend;1;m;3
Bikén;1;m;3
Can;1;m;3
Carl;1;m;3
Carlos;1;m;3
Casimir;1;m;3
Castiel;1;m;3
Chinasa;1;m;3
Christian;1;m;3
Christopher;1;m;3
Clemens;1;m;3
Constantin;1;m;3
Dirk;1;m;3
Edmund;1;m;3
Edward;1;m;3
Emmanuel;1;m;3
Erich;1;m;3
Erik;1;m;3
Felix;1;m;3
Fitz;1;m;3
Francesco;1;m;3
Frank;1;m;3
Franz;1;m;3
François;1;m;3
Gabor;1;m;3
George;1;m;3
Giáp;1;m;3
Hannes;1;m;3
Hans;1;m;3
Haotian;1;m;3
Hassan;1;m;3
Hermann;1;m;3
Herrmann;1;m;3
Herwig;1;m;3
Horst;1;m;3
Hussein;1;m;3
Huy;1;m;3
H?ng;1;m;3
Ibrahima;1;m;3
Ivo;1;m;3
Jabbar;1;m;3
Jaleel;1;m;3
Jamal;1;m;3
James;1;m;3
Jobst;1;m;3
Jonas;1;m;3
Julius;1;m;3
Junior;1;m;3
Junis;1;m;3
Justus;1;m;3
Jürgen;1;m;3
Kallias;1;m;3
Karim;1;m;3
Khang;1;m;3
Kolin;1;m;3
Lamy;1;m;3
Lars;1;m;3
Laurenz;1;m;3
Leon;1;m;3
Leonard;1;m;3
Leonhard;1;m;3
Leotrim;1;m;3
Levi;1;m;3
Linus;1;m;3
Louis;1;m;3
Ludvig;1;m;3
Ludwig;1;m;3
Lukas;1;m;3
Lâm;1;m;3
Marcellino;1;m;3
Martin;1;m;3
Maximilian;1;m;3
Mehmed;1;m;3
Ming;1;m;3
Minh;1;m;3
Mohamad;1;m;3
Mohammedfouad;1;m;3
Mokabi;1;m;3
Moritz;1;m;3
Muwanguzi;1;m;3
Muzaffer;1;m;3
Nam;1;m;3
Nikita;1;m;3
Njal;1;m;3
Nkem;1;m;3
Nolann;1;m;3
Norbert;1;m;3
Ntohnui;1;m;3
Ole;1;m;3
Oleksandrov;1;m;3
Oluwasegun;1;m;3
Otto;1;m;3
Pat;1;m;3
Patrick;1;m;3
Peter;1;m;3
Philipp;1;m;3
Phoenix;1;m;3
Possin;1;m;3
Qi;1;m;3
Qu?c;1;m;3
Rainer;1;m;3
Reiner;1;m;3
Reinhard;1;m;3
Rio;1;m;3
Robert;1;m;3
Roger;1;m;3
Romain;1;m;3
Roman;1;m;3
Ronny;1;m;3
Sandy;1;m;3
Santos;1;m;3
Sayha;1;m;3
Shyam;1;m;3
Stefan;1;m;3
Stephan;1;m;3
Steven;1;m;3
Sylvester;1;m;3
Theodor;1;m;3
Timon;1;m;3
Tom;1;m;3
Torsten;1;m;3
Urmel;1;m;3
Valentin;1;m;3
Valentino;1;m;3
Van;1;m;3
Victor;1;m;3
Viggo;1;m;3
Viktor;1;m;3
Vi?t;1;m;3
Walter;1;m;3
Wayne;1;m;3
Wushenui;1;m;3
Xiao-Long;1;m;3
Yordanov;1;m;3
Yossarian;1;m;3
?ang;1;m;3
Maria;3;m;4
Joachim;2;m;4
Ahmed;1;m;4
Alexander;1;m;4
André;1;m;4
Balthasar;1;m;4
Balthazar;1;m;4
Denny;1;m;4
Elmar;1;m;4
Felix;1;m;4
Frederick;1;m;4
Fritz;1;m;4
Jin;1;m;4
Knut;1;m;4
Ludovicus;1;m;4
Marc;1;m;4
Maximilian;1;m;4
Oppong;1;m;4
Otto;1;m;4
Paolo;1;m;4
Pelléas;1;m;4
Siegbot;1;m;4
da;1;m;5
Johann;1;m;5
Rolf;1;m;5
Taner;1;m;5
Conceição;1;m;6
Emilia;30;w;1
Anna;24;w;1
Ella;23;w;1
Maria;21;w;1
Mira;21;w;1
Hannah;20;w;1
Mila;19;w;1
Charlotte;18;w;1
Leonie;18;w;1
Fatima;16;w;1
Lina;16;w;1
Mia;16;w;1
Sophia;16;w;1
Marlene;15;w;1
Paula;15;w;1
Clara;14;w;1
Olivia;14;w;1
Amira;13;w;1
Elisa;13;w;1
Emily;13;w;1
Emma;13;w;1
Lena;13;w;1
Zeynep;13;w;1
Elif;12;w;1
Ava;11;w;1
Eva;11;w;1
Hanna;11;w;1
Lara;11;w;1
Laura;11;w;1
Liv;11;w;1
Marie;11;w;1
Sarah;11;w;1
Sophie;11;w;1
Amelie;10;w;1
Elena;10;w;1
Ida;10;w;1
Isabella;10;w;1
Johanna;10;w;1
Martha;10;w;1
Sofia;10;w;1
Antonia;9;w;1
Elisabeth;9;w;1
Greta;9;w;1
Klara;9;w;1
Mina;9;w;1
Nora;9;w;1
Nour;9;w;1
Pauline;9;w;1
Rosa;9;w;1
Sara;9;w;1
Victoria;9;w;1
Alessia;8;w;1
Alina;8;w;1
Amelia;8;w;1
Jana;8;w;1
Luna;8;w;1
Malak;8;w;1
Mathilda;8;w;1
Maya;8;w;1
Paulina;8;w;1
Romy;8;w;1
Wilma;8;w;1
Josephine;7;w;1
Lisa;7;w;1
Luisa;7;w;1
Maja;7;w;1
Meryem;7;w;1
Nele;7;w;1
Selin;7;w;1
Thea;7;w;1
Alma;6;w;1
Amina;6;w;1
Ela;6;w;1
Frida;6;w;1
Frieda;6;w;1
Helena;6;w;1
Jasmin;6;w;1
Julia;6;w;1
Lea;6;w;1
Lia;6;w;1
Lilly;6;w;1
Lily;6;w;1
Luise;6;w;1
Melisa;6;w;1
Nina;6;w;1
Alva;5;w;1
Amal;5;w;1
Azra;5;w;1
Carla;5;w;1
Celine;5;w;1
Ecrin;5;w;1
Flora;5;w;1
Juna;5;w;1
Katharina;5;w;1
Lana;5;w;1
Leni;5;w;1
Linda;5;w;1
Maryam;5;w;1
Matilda;5;w;1
Medina;5;w;1
Melek;5;w;1
Melina;5;w;1
Nisa;5;w;1
Stella;5;w;1
Tilda;5;w;1
Valentina;5;w;1
Viktoria;5;w;1
Ada;4;w;1
Alisa;4;w;1
Aurelia;4;w;1
Carlotta;4;w;1
Elly;4;w;1
Elsa;4;w;1
Emine;4;w;1
Esma;4;w;1
Helen;4;w;1
Iman;4;w;1
Isabelle;4;w;1
Lamar;4;w;1
Leyla;4;w;1
Louisa;4;w;1
Luana;4;w;1
Mariam;4;w;1
Melissa;4;w;1
Melody;4;w;1
Michelle;4;w;1
Miray;4;w;1
Nehir;4;w;1
Pia;4;w;1
Rebecca;4;w;1
Ronja;4;w;1
Rosalie;4;w;1
Samira;4;w;1
Selina;4;w;1
Theresa;4;w;1
Yara;4;w;1
Zoé;4;w;1
Alena;3;w;1
Aleyna;3;w;1
Alice;3;w;1
Alicia;3;w;1
Aliya;3;w;1
Amalia;3;w;1
Anastasia;3;w;1
Angelina;3;w;1
Annika;3;w;1
Aurora;3;w;1
Aylin;3;w;1
Diana;3;w;1
Eda;3;w;1
Elina;3;w;1
Estera;3;w;1
Esther;3;w;1
Finja;3;w;1
Fiona;3;w;1
Freya;3;w;1
Hana;3;w;1
Hayat;3;w;1
Helene;3;w;1
Hira;3;w;1
Irem;3;w;1
Jasmina;3;w;1
Jennifer;3;w;1
Karolina;3;w;1
Laila;3;w;1
Lamis;3;w;1
Layla;3;w;1
Leah;3;w;1
Lilli;3;w;1
Lotta;3;w;1
Lotte;3;w;1
Margarethe;3;w;1
Marta;3;w;1
Mathilde;3;w;1
Milena;3;w;1
Milla;3;w;1
Nazli;3;w;1
Nicole;3;w;1
Nila;3;w;1
Noemi;3;w;1
Rahel;3;w;1
Ruth;3;w;1
Sham;3;w;1
Tara;3;w;1
Tasnim;3;w;1
Valeria;3;w;1
Vanessa;3;w;1
Yasmin;3;w;1
Ya?mur;3;w;1
Yuna;3;w;1
Zehra;3;w;1
Zoe;3;w;1
Zümra;3;w;1
Aaliyah;2;w;1
Adrijana;2;w;1
Aicha;2;w;1
Aisha;2;w;1
Alejna;2;w;1
Alexandra;2;w;1
Alissia;2;w;1
Aliyah;2;w;1
Amanda;2;w;1
Amar;2;w;1
Amy;2;w;1
Amélie;2;w;1
An;2;w;1
Ana;2;w;1
Annabell;2;w;1
Anni;2;w;1
Anouk;2;w;1
Arina;2;w;1
Asel;2;w;1
Asmin;2;w;1
Asya;2;w;1
Aya;2;w;1
Aysha;2;w;1
Bao;2;w;1
Beren;2;w;1
Berfin;2;w;1
Berivan;2;w;1
Camilla;2;w;1
Ceylan;2;w;1
Ceylin;2;w;1
Charlie;2;w;1
Chiara;2;w;1
Chloé;2;w;1
Damla;2;w;1
Dilara;2;w;1
Dua;2;w;1
Dunya;2;w;1
Ece;2;w;1
Elanur;2;w;1
Eleen;2;w;1
Eleonora;2;w;1
Elinor;2;w;1
Elis;2;w;1
Elise;2;w;1
Elissa;2;w;1
Eliza;2;w;1
Elli;2;w;1
Ellin;2;w;1
Emeli;2;w;1
Emilie;2;w;1
Emmanuella;2;w;1
Emmy;2;w;1
Erva;2;w;1
Esila;2;w;1
Eslem;2;w;1
Esperansa;2;w;1
Estelle;2;w;1
Eylül;2;w;1
Feyza;2;w;1
Gabriela;2;w;1
Gloria;2;w;1
Güne?;2;w;1
Haylie;2;w;1
Hazal;2;w;1
Heba;2;w;1
Heidi;2;w;1
Helia;2;w;1
Helin;2;w;1
Hilda;2;w;1
Hilde;2;w;1
Hiranur;2;w;1
Hoang;2;w;1
Irma;2;w;1
Isabel;2;w;1
Ivana;2;w;1
Jannat;2;w;1
Jella;2;w;1
Jenny;2;w;1
Jessica;2;w;1
Jette;2;w;1
Josie;2;w;1
Judy;2;w;1
Jule;2;w;1
Juli;2;w;1
Julie;2;w;1
Kadriye;2;w;1
Kaitlyn;2;w;1
Kara;2;w;1
Karina;2;w;1
Karla;2;w;1
Larissa;2;w;1
Layal;2;w;1
Layan;2;w;1
Leen;2;w;1
Leia;2;w;1
Lejla;2;w;1
Leya;2;w;1
Lida;2;w;1
Lieke;2;w;1
Lilith;2;w;1
Liva;2;w;1
Livia;2;w;1
Lorin;2;w;1
Louise;2;w;1
Lovis;2;w;1
Lucie;2;w;1
Maia;2;w;1
Malia;2;w;1
Malina;2;w;1
Manal;2;w;1
Mariella;2;w;1
Marwa;2;w;1
Medine;2;w;1
Megan;2;w;1
Merle;2;w;1
Mika;2;w;1
Milana;2;w;1
Minh;2;w;1
Nafas;2;w;1
Nike;2;w;1
Noa;2;w;1
Nola;2;w;1
Oda;2;w;1
Palina;2;w;1
Phan;2;w;1
Philippa;2;w;1
Philomena;2;w;1
Ranim;2;w;1
Rayan;2;w;1
Rebekka;2;w;1
Ria;2;w;1
Rima;2;w;1
Rina;2;w;1
Rüya;2;w;1
Safiya;2;w;1
Salam;2;w;1
Samantha;2;w;1
Sherin;2;w;1
Suna;2;w;1
Suzi;2;w;1
Talin;2;w;1
Tamina;2;w;1
Tanja;2;w;1
Thalia;2;w;1
Toni;2;w;1
Tuana;2;w;1
Vera;2;w;1
Viola;2;w;1
Yousra;2;w;1
Zahra;2;w;1
Zahraa;2;w;1
Zara;2;w;1
Zaynab;2;w;1
Zeinab;2;w;1
Aalia;1;w;1
Adea;1;w;1
Adela;1;w;1
Adele;1;w;1
Adelia;1;w;1
Adelina;1;w;1
Adile;1;w;1
Adriana;1;w;1
Adrianna;1;w;1
Adèle;1;w;1
Aeesha;1;w;1
Afrin;1;w;1
Agatha;1;w;1
Agnes;1;w;1
Ailin;1;w;1
Aimpel;1;w;1
Aini;1;w;1
Aitana;1;w;1
Ajesche;1;w;1
Ajla;1;w;1
Al;1;w;1
Alaa;1;w;1
Alberta;1;w;1
Alea;1;w;1
Aleah;1;w;1
Alegria;1;w;1
Aleyna-Marie;1;w;1
Alia;1;w;1
Aliana;1;w;1
Alida;1;w;1
Alien;1;w;1
Alienor;1;w;1
Alija;1;w;1
Alika;1;w;1
Alisia;1;w;1
Alissa;1;w;1
Allana;1;w;1
Almedina;1;w;1
Almedina-Eleyna;1;w;1
Alya;1;w;1
Alyssa;1;w;1
Amadea;1;w;1
Amaja;1;w;1
Amali;1;w;1
Amani;1;w;1
Amara;1;w;1
Amaya;1;w;1
Ambra;1;w;1
Amelia-Nicole;1;w;1
Amilyah;1;w;1
Amra;1;w;1
Amèlie;1;w;1
Anabelle;1;w;1
Anael;1;w;1
Anam;1;w;1
Anastasija;1;w;1
Andra-Ioana;1;w;1
Andrea;1;w;1
Anett;1;w;1
Angela;1;w;1
Angelika;1;w;1
Angie;1;w;1
Anh;1;w;1
Ani;1;w;1
Anil;1;w;1
Anisa;1;w;1
Aniya;1;w;1
Anne;1;w;1
Annemarie;1;w;1
Annie;1;w;1
Anny;1;w;1
Anouck;1;w;1
Antonie;1;w;1
Anuk;1;w;1
April;1;w;1
Aradhya;1;w;1
Areen;1;w;1
Areti;1;w;1
Ariana;1;w;1
Ariel;1;w;1
Ariela;1;w;1
Arin;1;w;1
Arisha;1;w;1
Arita;1;w;1
Armanda;1;w;1
Armona;1;w;1
Arosa;1;w;1
Arwa;1;w;1
Arya;1;w;1
Arya-Su;1;w;1
Aschin;1;w;1
Asena;1;w;1
Asenat;1;w;1
Aseye;1;w;1
Ashreet;1;w;1
Asja;1;w;1
Asl?;1;w;1
Asl?han;1;w;1
Asmaa;1;w;1
Asmira;1;w;1
Asmîn;1;w;1
Assiel;1;w;1
Assil;1;w;1
Asu;1;w;1
Asuela;1;w;1
Audrey;1;w;1
Avelin;1;w;1
Avin;1;w;1
Avise;1;w;1
Awissa;1;w;1
Ayah;1;w;1
Ayla;1;w;1
Aylin-Sophie;1;w;1
Aysima;1;w;1
Aysira;1;w;1
Ay?en;1;w;1
Azize;1;w;1
Babette;1;w;1
Bahar;1;w;1
Baneen;1;w;1
Basna;1;w;1
Beatrice;1;w;1
Beatris;1;w;1
Beda;1;w;1
Belinay;1;w;1
Bella;1;w;1
Ben;1;w;1
Bengisu;1;w;1
Bensu;1;w;1
Bergüzar;1;w;1
Berin;1;w;1
Beritan;1;w;1
Berlinita;1;w;1
Berna;1;w;1
Berry;1;w;1
Bervelyn;1;w;1
Beste-Hazal;1;w;1
Betti;1;w;1
Beyza;1;w;1
Beyza-Nur;1;w;1
Bianka-Gabriela;1;w;1
Bjørg;1;w;1
Bony;1;w;1
Boyana;1;w;1
Bu?lem;1;w;1
Camelia;1;w;1
Camila;1;w;1
Cansu;1;w;1
Caren;1;w;1
Caspara;1;w;1
Cataleya;1;w;1
Cecilia;1;w;1
Cecília;1;w;1
Celin-Fabienne;1;w;1
Cemre;1;w;1
Cennet;1;w;1
Ceyda;1;w;1
Chantel;1;w;1
Chanty;1;w;1
Charis;1;w;1
Cheima;1;w;1
Cherry;1;w;1
Chery;1;w;1
Chinenye-Grace;1;w;1
Chloe;1;w;1
Christiana;1;w;1
Claire-Justine;1;w;1
Clarissa-Sophie;1;w;1
Cleo;1;w;1
Cléa;1;w;1
Collien;1;w;1
Consuela;1;w;1
Cosima;1;w;1
Cát;1;w;1
Dajana;1;w;1
Dalal;1;w;1
Dalarna;1;w;1
Dalia;1;w;1
Dalya;1;w;1
Damaris;1;w;1
Dana;1;w;1
Dania;1;w;1
Daniela;1;w;1
Danielle;1;w;1
Daphne;1;w;1
Daria;1;w;1
Darleen;1;w;1
Daryannie;1;w;1
Davida;1;w;1
Davina;1;w;1
Dearla;1;w;1
Debora;1;w;1
Defne;1;w;1
Defnenur;1;w;1
Delal;1;w;1
Delali;1;w;1
Delvin;1;w;1
Denisa;1;w;1
Derin;1;w;1
Despina;1;w;1
Devisha;1;w;1
Didem;1;w;1
Dijana;1;w;1
Dila;1;w;1
Dilek;1;w;1
Dina;1;w;1
Dinh;1;w;1
Diren;1;w;1
Divine;1;w;1
Djasiya;1;w;1
Djaína-Tatiana;1;w;1
Domitille;1;w;1
Donjeta;1;w;1
Dora;1;w;1
Dorothea;1;w;1
Dorothee;1;w;1
Draga;1;w;1
Duaa;1;w;1
Dzenisa;1;w;1
Edda;1;w;1
Effi;1;w;1
Eftalya;1;w;1
Elaine;1;w;1
Eldina;1;w;1
Eleanor;1;w;1
Elencia;1;w;1
Elenor;1;w;1
Eleonore;1;w;1
Elettra;1;w;1
Eleyna;1;w;1
Eleysa;1;w;1
Elfie;1;w;1
Eliana;1;w;1
Eliane;1;w;1
Elianora;1;w;1
Elida;1;w;1
Elien;1;w;1
Elif-Mina;1;w;1
Elifnur;1;w;1
Elin;1;w;1
Elisabet;1;w;1
Eliz;1;w;1
Elizabeth;1;w;1
Elizaweta;1;w;1
Ellen;1;w;1
Ellena;1;w;1
Ellie;1;w;1
Ellinor;1;w;1
Elmedina;1;w;1
Elmira;1;w;1
Elsi;1;w;1
Elvira;1;w;1
Emanuela;1;w;1
Emaya;1;w;1
Emelie;1;w;1
Emely;1;w;1
Emilia-Lina;1;w;1
Emiliya;1;w;1
Emmanuela;1;w;1
Emmanulla;1;w;1
Emmi;1;w;1
Enerel;1;w;1
Enissa;1;w;1
Enni;1;w;1
Enya;1;w;1
Erika;1;w;1
Ermina;1;w;1
Erni;1;w;1
Esila-Liya;1;w;1
Esra;1;w;1
Eva-Sophia;1;w;1
Eve;1;w;1
Evelina;1;w;1
Evi;1;w;1
Evilina;1;w;1
Evin;1;w;1
Evita;1;w;1
Ewa;1;w;1
Eylem;1;w;1
Ey?an;1;w;1
Fabienne;1;w;1
Fadile-Azra;1;w;1
Fahima;1;w;1
Faizher;1;w;1
Farah;1;w;1
Faramade;1;w;1
Farzona;1;w;1
Fatma;1;w;1
Federika;1;w;1
Fee;1;w;1
Felia;1;w;1
Felicia;1;w;1
Felicitas;1;w;1
Feline;1;w;1
Felipa;1;w;1
Fenya;1;w;1
Ferah;1;w;1
Feria;1;w;1
Feriha;1;w;1
Feroza;1;w;1
Feryal;1;w;1
Fianna;1;w;1
Fidan;1;w;1
Fidelia;1;w;1
Filine;1;w;1
Fina;1;w;1
Firdaus;1;w;1
Firdevs;1;w;1
Fiza;1;w;1
Fjolla;1;w;1
Flavia-Andrea;1;w;1
Florentina;1;w;1
Franceska;1;w;1
Franka;1;w;1
Freja;1;w;1
Freyja;1;w;1
Friedericke;1;w;1
Friederike;1;w;1
Fulla;1;w;1
Fumi;1;w;1
Funda;1;w;1
Gamze-Nur;1;w;1
Geesje;1;w;1
Gelsomina;1;w;1
Georgia;1;w;1
Gerda;1;w;1
Gesa;1;w;1
Gharam;1;w;1
Ghazal;1;w;1
Ghazl;1;w;1
Ghroub;1;w;1
Gia;1;w;1
Gibeck;1;w;1
Giulia;1;w;1
Giuliana;1;w;1
Gofran;1;w;1
Goge;1;w;1
Gracelin;1;w;1
Gretchen;1;w;1
Gulistan;1;w;1
Gönül;1;w;1
Gül;1;w;1
Güldane;1;w;1
Gülsüm;1;w;1
Günes;1;w;1
Ha;1;w;1
Habi;1;w;1
Hafize;1;w;1
Hafza;1;w;1
Hala;1;w;1
Haley;1;w;1
Halimat;1;w;1
Hamail;1;w;1
Hamida;1;w;1
Hamza;1;w;1
Hanan;1;w;1
Hanim;1;w;1
Hanin;1;w;1
Hanna-Marie;1;w;1
Hannah-Rachel;1;w;1
Hanny;1;w;1
Hari;1;w;1
Hary;1;w;1
Hatice;1;w;1
Haura;1;w;1
Havin;1;w;1
Hawi-Danielle;1;w;1
Hazel;1;w;1
Heddå-Mariå;1;w;1
Hedi;1;w;1
Hedwig;1;w;1
Heidy;1;w;1
Hella;1;w;1
Henrietta;1;w;1
Heva;1;w;1
Hevi;1;w;1
Hiba;1;w;1
Hibba;1;w;1
Hilal;1;w;1
Himani;1;w;1
Holly;1;w;1
Hoàng;1;w;1
Humeyra;1;w;1
Hélène;1;w;1
Hüma;1;w;1
H?;1;w;1
Ia;1;w;1
Iazmina;1;w;1
Ielica;1;w;1
Ifeanyi;1;w;1
Ilayda;1;w;1
Ilham;1;w;1
Ilyana;1;w;1
Imuetinya-Osa;1;w;1
Inara;1;w;1
Inas;1;w;1
Inaya;1;w;1
Ines;1;w;1
Inga;1;w;1
Ipek;1;w;1
Irem-Nur;1;w;1
Irena;1;w;1
Irene;1;w;1
Isa;1;w;1
Isabell;1;w;1
Isabell-Jasmine;1;w;1
Isadora;1;w;1
Isalie;1;w;1
Isha;1;w;1
?slim;1;w;1
Ivon;1;w;1
Ivy;1;w;1
Iwa;1;w;1
Izabela;1;w;1
Izabella;1;w;1
Izyna;1;w;1
Jade;1;w;1
Jakilin;1;w;1
Jale;1;w;1
Jamie;1;w;1
Jamila;1;w;1
Janan;1;w;1
Janna;1;w;1
Jarla;1;w;1
Jaslin;1;w;1
Jasna;1;w;1
Jastice;1;w;1
Jaua;1;w;1
Jawhara;1;w;1
Jeanne;1;w;1
Jelica;1;w;1
Jena;1;w;1
Jenifer;1;w;1
Jenna;1;w;1
Jennyfer;1;w;1
Jin;1;w;1
Jingyao;1;w;1
Joana;1;w;1
Joenna;1;w;1
Johsy;1;w;1
Jolantha;1;w;1
Jolien;1;w;1
Jolina-Jean;1;w;1
Joni;1;w;1
Jonna;1;w;1
Jora;1;w;1
Josefa;1;w;1
Josefine;1;w;1
Joselin;1;w;1
Joudy;1;w;1
Joulie;1;w;1
Jovana;1;w;1
Julia-Domna;1;w;1
Julia-Maria;1;w;1
Julieta;1;w;1
Juliette;1;w;1
Julja;1;w;1
Jumana;1;w;1
Junah;1;w;1
Junayna;1;w;1
Kabina;1;w;1
Kadijha;1;w;1
Kainat;1;w;1
Kalotta;1;w;1
Kamar;1;w;1
Kamelia;1;w;1
Karanfil;1;w;1
Kariana;1;w;1
Karlie;1;w;1
Karoline;1;w;1
Kasiinge;1;w;1
Kate;1;w;1
Kathy;1;w;1
Kati;1;w;1
Katja;1;w;1
Katla;1;w;1
Katrin;1;w;1
Kawtar;1;w;1
Kaylee;1;w;1
Kayra;1;w;1
Kefsur;1;w;1
Keilah;1;w;1
Kelly;1;w;1
Kenisha;1;w;1
Khadidja;1;w;1
Khadija;1;w;1
Khmissa;1;w;1
Khánh;1;w;1
Kim;1;w;1
Kimberly-Amanda;1;w;1
Kimia;1;w;1
Kinzi;1;w;1
Kinzy;1;w;1
Kira;1;w;1
Kira-Julie;1;w;1
Kouekam;1;w;1
Kristina;1;w;1
Kurumi;1;w;1
Kylie;1;w;1
Kyllia-Rawenn;1;w;1
Käthe;1;w;1
Käthe-Rosa;1;w;1
Laelle;1;w;1
Laia;1;w;1
Laima;1;w;1
Lala;1;w;1
Lamiya;1;w;1
Lara-Feodora;1;w;1
Latifa;1;w;1
Laurie;1;w;1
Lavya;1;w;1
Laya;1;w;1
Layoko;1;w;1
Le;1;w;1
Lea-Marie;1;w;1
Leana;1;w;1
Leandra;1;w;1
Leara;1;w;1
Lene;1;w;1
Leona;1;w;1
Leonie-Jolien;1;w;1
Leonora;1;w;1
Leontina;1;w;1
Lera-Nika;1;w;1
Lesane-Malakai;1;w;1
Levinia;1;w;1
Levke;1;w;1
Leyla-Samira;1;w;1
Lia-Su;1;w;1
Liane;1;w;1
Liekele;1;w;1
Liel;1;w;1
Lien;1;w;1
Liesbeth;1;w;1
Lija;1;w;1
Lijana;1;w;1
Lilian;1;w;1
Lilianne;1;w;1
Lilith-Lou;1;w;1
Lilja;1;w;1
Lilyana;1;w;1
Lina-Su;1;w;1
Line;1;w;1
Linh;1;w;1
Linn;1;w;1
Linnéa;1;w;1
Livana;1;w;1
Liya;1;w;1
Liyah;1;w;1
Liyana;1;w;1
Lmar;1;w;1
Lola;1;w;1
Loona;1;w;1
Lora;1;w;1
Lore;1;w;1
Loretta;1;w;1
Lou;1;w;1
Louane;1;w;1
Lua;1;w;1
Luca;1;w;1
Luce;1;w;1
Lucia;1;w;1
Lucianna;1;w;1
Lucy;1;w;1
Lucía;1;w;1
Luna-Yulé;1;w;1
Lura;1;w;1
Luva;1;w;1
Luz;1;w;1
Luzie;1;w;1
Lydia;1;w;1
Lys-Maelia;1;w;1
Léonie;1;w;1
Lê;1;w;1
Maasoumeh;1;w;1
Macy;1;w;1
Madeleine;1;w;1
Madison;1;w;1
Maeve;1;w;1
Magnes;1;w;1
Maham;1;w;1
Mahpeyker;1;w;1
Maida;1;w;1
Maija;1;w;1
Maisa;1;w;1
Majeda;1;w;1
Majlinda;1;w;1
Malena;1;w;1
Maliyah;1;w;1
Manuela;1;w;1
Mara;1;w;1
Maram;1;w;1
Margeritha;1;w;1
Marguerite;1;w;1
Marianna;1;w;1
Marie-Michelle;1;w;1
Marie-Sophie;1;w;1
Marielou;1;w;1
Marika;1;w;1
Marina;1;w;1
Mariolina;1;w;1
Maritta;1;w;1
Marla-Clarice;1;w;1
Marlena;1;w;1
Marnie;1;w;1
Marta-Maria;1;w;1
Martina;1;w;1
Mary;1;w;1
Maryse;1;w;1
María;1;w;1
Masa;1;w;1
Masal;1;w;1
Masha;1;w;1
Mata;1;w;1
Mathea;1;w;1
Matylda;1;w;1
Maxie;1;w;1
Maya-Mathilda;1;w;1
Mayra;1;w;1
Mayseen;1;w;1
Medha;1;w;1
Megah;1;w;1
Meggy;1;w;1
Mehar;1;w;1
Meisun;1;w;1
Melea;1;w;1
Melia;1;w;1
Melinda;1;w;1
Melis;1;w;1
Melissa-Sefora;1;w;1
Meliya;1;w;1
Mercedes-Amberley;1;w;1
Merida;1;w;1
Meriyana;1;w;1
Merrjem;1;w;1
Merve;1;w;1
Meva-Bahar;1;w;1
Micaella;1;w;1
Michalina;1;w;1
Mieke;1;w;1
Mikaela;1;w;1
Mila-Marie;1;w;1
Milea;1;w;1
Milijana;1;w;1
Mina-Seher;1;w;1
Minea;1;w;1
Minoo;1;w;1
Minu;1;w;1
Miracle;1;w;1
Miranur;1;w;1
Miriam;1;w;1
Miriana;1;w;1
Mirjana;1;w;1
Mirjesa;1;w;1
Miryam;1;w;1
Miya;1;w;1
Mizgin;1;w;1
Mobina;1;w;1
Momina;1;w;1
Momoko;1;w;1
Mona;1;w;1
Monika;1;w;1
Morea;1;w;1
Muhammed;1;w;1
Nadezda;1;w;1
Nadia;1;w;1
Nadide;1;w;1
Nadin;1;w;1
Naima;1;w;1
Najwa;1;w;1
Nantenin;1;w;1
Naomi;1;w;1
Narin;1;w;1
Nassima;1;w;1
Nastasia;1;w;1
Natalie;1;w;1
Nathanaëlle;1;w;1
Nayla;1;w;1
Nazik;1;w;1
Nazll;1;w;1
Necibe;1;w;1
Necla-Grace;1;w;1
Nedzhmie;1;w;1
Nefes;1;w;1
Neha;1;w;1
Nejme;1;w;1
Nela;1;w;1
Nele-Emilia;1;w;1
Nell;1;w;1
Nelly;1;w;1
Neneh;1;w;1
Nepheli;1;w;1
Nergis;1;w;1
Neriman;1;w;1
Nesrin;1;w;1
Neva;1;w;1
Ngoc;1;w;1
Ng?c;1;w;1
Nia;1;w;1
Nico;1;w;1
Nicol;1;w;1
Nieves;1;w;1
Nika;1;w;1
Nikita;1;w;1
Nikol;1;w;1
Nila-Rozerin;1;w;1
Nilah;1;w;1
Nilay;1;w;1
Ninon;1;w;1
Nora-Tris;1;w;1
Noria;1;w;1
Noura;1;w;1
Nova;1;w;1
Noéline;1;w;1
Noémi;1;w;1
Noémie;1;w;1
Nuh;1;w;1
Nuha;1;w;1
Nuoke;1;w;1
Nur;1;w;1
Nura;1;w;1
Nurda;1;w;1
Nuria;1;w;1
Nuriel;1;w;1
Nurten;1;w;1
Nutsa;1;w;1
Nyima;1;w;1
Néle;1;w;1
Odei;1;w;1
Oghoghosa;1;w;1
Oliwia;1;w;1
Orla;1;w;1
Oumaya;1;w;1
Panka;1;w;1
Pariya;1;w;1
Paulin;1;w;1
Pegah;1;w;1
Penelope;1;w;1
Peruan;1;w;1
Philine;1;w;1
Philomène;1;w;1
Phéo;1;w;1
Ph??ng;1;w;1
Poema;1;w;1
Pola;1;w;1
Polina;1;w;1
Prefina;1;w;1
Prim;1;w;1
Priya;1;w;1
Pérola;1;w;1
Raaifa;1;w;1
Rabiya;1;w;1
Rahil;1;w;1
Ramata;1;w;1
Rameen;1;w;1
Raniya;1;w;1
Rasal;1;w;1
Rasan;1;w;1
Rasmeye;1;w;1
Rasmie;1;w;1
Rawan;1;w;1
Raya;1;w;1
Rayhana;1;w;1
Rediet;1;w;1
Reina;1;w;1
Retaj;1;w;1
Retal;1;w;1
Rettal;1;w;1
Reyhan-Miray;1;w;1
Riem;1;w;1
Rita;1;w;1
Roberta;1;w;1
Robin;1;w;1
Rodin;1;w;1
Rojda;1;w;1
Rolyan;1;w;1
Romi;1;w;1
Ronya;1;w;1
Ros;1;w;1
Rosa-Lilli;1;w;1
Rose;1;w;1
Rosica;1;w;1
Rosie;1;w;1
Rouba;1;w;1
Rouzan;1;w;1
Ruby;1;w;1
Rümeysa;1;w;1
Sabrina;1;w;1
Sadia;1;w;1
Safaa;1;w;1
Safia;1;w;1
Safiatou;1;w;1
Sahra;1;w;1
Sally;1;w;1
Salome;1;w;1
Salomea;1;w;1
Salomé;1;w;1
Salsabeel;1;w;1
Salsabil;1;w;1
Samar;1;w;1
Samira-Pamela;1;w;1
Samy;1;w;1
Sandra;1;w;1
Sanja;1;w;1
Sare;1;w;1
Sascha;1;w;1
Savannah;1;w;1
Saya;1;w;1
Sehajpreet;1;w;1
Selen;1;w;1
Selma;1;w;1
Sema;1;w;1
Semina;1;w;1
Semra;1;w;1
Senay;1;w;1
Seren;1;w;1
Serena;1;w;1
Sevda;1;w;1
Sevdalina;1;w;1
Sevgi-Narin;1;w;1
Sevval;1;w;1
Shahra;1;w;1
Shams;1;w;1
Sharon;1;w;1
Shayan;1;w;1
Sheima;1;w;1
Sheyna;1;w;1
Shirin;1;w;1
Shouq;1;w;1
Sidelya;1;w;1
Sidka-Radwa;1;w;1
Sihem;1;w;1
Simge;1;w;1
Sina;1;w;1
Siwar;1;w;1
Skadi;1;w;1
Skyla;1;w;1
Slatka;1;w;1
Sofi;1;w;1
Sofía;1;w;1
Soheil;1;w;1
Sol;1;w;1
Soma;1;w;1
Songül;1;w;1
Sonia;1;w;1
Sophie-Marie;1;w;1
Sora;1;w;1
Soraya;1;w;1
Souhaila;1;w;1
Spozhmai;1;w;1
Staal;1;w;1
Stefania;1;w;1
Stephanie;1;w;1
Sua;1;w;1
Sude;1;w;1
Suheila;1;w;1
Sultane;1;w;1
Sumeja;1;w;1
Sumeya;1;w;1
Summaya;1;w;1
Summer;1;w;1
Sura;1;w;1
Sura-Nur;1;w;1
Suri;1;w;1
Susane;1;w;1
Sveva;1;w;1
Syeda;1;w;1
Sümeyye;1;w;1
Tagred;1;w;1
Taka;1;w;1
Tala;1;w;1
Talah;1;w;1
Talea;1;w;1
Taleen;1;w;1
Talia;1;w;1
Talien;1;w;1
Tamana;1;w;1
Tamara;1;w;1
Tarja;1;w;1
Tarsa;1;w;1
Teodora;1;w;1
Teona;1;w;1
Teresa;1;w;1
Tessa;1;w;1
Thea-Adriana;1;w;1
Thea-Agnes;1;w;1
Theodora;1;w;1
Thiên;1;w;1
Tiaara;1;w;1
Tiama;1;w;1
Tiamat;1;w;1
Tijen;1;w;1
Tilan;1;w;1
Tilly;1;w;1
Timea;1;w;1
Tinas;1;w;1
Todorka;1;w;1
Toleen;1;w;1
Tove;1;w;1
Trang;1;w;1
Tr?n;1;w;1
Tsiden;1;w;1
Valencia;1;w;1
Valerie;1;w;1
Valessia;1;w;1
Vanesa;1;w;1
Vega;1;w;1
Verena;1;w;1
Veronika;1;w;1
Victoria-Ki?u;1;w;1
Victoria-Sofia;1;w;1
Victória;1;w;1
Viejan;1;w;1
Viktoria-Shania;1;w;1
Viktorija;1;w;1
Violeta;1;w;1
Violetta;1;w;1
Vita;1;w;1
Viviana;1;w;1
Vivien;1;w;1
Vivienne;1;w;1
Vy;1;w;1
Wanda;1;w;1
Widad;1;w;1
Wieselina;1;w;1
Wlada;1;w;1
Yade;1;w;1
Yael;1;w;1
Yafa;1;w;1
Yamur;1;w;1
Yaren;1;w;1
Yaroslava;1;w;1
Yasmina;1;w;1
Yassmin;1;w;1
Yekbun;1;w;1
Yelda;1;w;1
Yishan;1;w;1
Yllza;1;w;1
Ylva;1;w;1
Yma;1;w;1
Yojeen;1;w;1
Yulanda;1;w;1
Yumna;1;w;1
Yun;1;w;1
Yve;1;w;1
Zaara;1;w;1
Zainab;1;w;1
Zaira;1;w;1
Zelal;1;w;1
Zelda;1;w;1
Zeliha;1;w;1
Zena;1;w;1
Zenan;1;w;1
Zerda;1;w;1
Zeynep-Sude;1;w;1
Zita;1;w;1
Zi?an;1;w;1
Zoey-Thalia;1;w;1
Zoya;1;w;1
Züleyha;1;w;1
Élise;1;w;1
Özge;1;w;1
Özlem;1;w;1
Ümmügülsüm;1;w;1
Štefanija;1;w;1
Marie;50;w;2
Sophie;45;w;2
Maria;25;w;2
Charlotte;13;w;2
Emilia;13;w;2
Luise;13;w;2
Elisabeth;11;w;2
Johanna;11;w;2
Sophia;10;w;2
Nur;9;w;2
Antonia;7;w;2
Marlene;7;w;2
Sofia;7;w;2
Valentina;7;w;2
Amalia;6;w;2
Amelie;6;w;2
Anna;6;w;2
Josephine;6;w;2
Katharina;6;w;2
Louise;6;w;2
Victoria;6;w;2
Elise;5;w;2
Helene;5;w;2
Lilly;5;w;2
Matilda;5;w;2
Pauline;5;w;2
Rose;5;w;2
Sofie;5;w;2
Su;5;w;2
Alice;4;w;2
Carlotta;4;w;2
Elisa;4;w;2
Florentine;4;w;2
Greta;4;w;2
Helena;4;w;2
Ida;4;w;2
Irene;4;w;2
Laura;4;w;2
Lotta;4;w;2
Maya;4;w;2
Nisa;4;w;2
Olivia;4;w;2
Rosalie;4;w;2
Alexandra;3;w;2
Ali;3;w;2
Alma;3;w;2
Amal;3;w;2
An;3;w;2
Angelova;3;w;2
Anh;3;w;2
B?o;3;w;2
Caroline;3;w;2
Christina;3;w;2
Clara;3;w;2
Edith;3;w;2
Eva;3;w;2
Franziska;3;w;2
Gabriela;3;w;2
Grace;3;w;2
Iris;3;w;2
Joline;3;w;2
June;3;w;2
Lena;3;w;2
Linh;3;w;2
Luisa;3;w;2
Luzia;3;w;2
Magdalena;3;w;2
Margarete;3;w;2
Mathilda;3;w;2
May;3;w;2
Rosa;3;w;2
Ruth;3;w;2
Sarah;3;w;2
Zoé;3;w;2
Ada;2;w;2
Akif;2;w;2
Alessia;2;w;2
Amira;2;w;2
Anastasia;2;w;2
Anni;2;w;2
Auguste;2;w;2
Aurelia;2;w;2
Ayana;2;w;2
Beate;2;w;2
Catharina;2;w;2
Chi;2;w;2
Christine;2;w;2
Claire;2;w;2
Debora;2;w;2
Diana;2;w;2
Elif;2;w;2
Ella;2;w;2
Elli;2;w;2
Emma;2;w;2
Esther;2;w;2
Fatma;2;w;2
Filippa;2;w;2
Fiona;2;w;2
Frieda;2;w;2
Friederike;2;w;2
Gerda;2;w;2
Gül;2;w;2
Hanna;2;w;2
Helen;2;w;2
Hope;2;w;2
Ijeoma;2;w;2
Isabel;2;w;2
Isabella;2;w;2
Isabelle;2;w;2
Jana;2;w;2
Jasmin;2;w;2
Jeanne;2;w;2
Joleen;2;w;2
Juli;2;w;2
Karla;2;w;2
Katarina;2;w;2
Käthe;2;w;2
Lavinia;2;w;2
Lea;2;w;2
Leonie;2;w;2
Lia;2;w;2
Lilli;2;w;2
Lily;2;w;2
Lina;2;w;2
Lisa;2;w;2
Lou;2;w;2
Lucia;2;w;2
Lucie;2;w;2
Luna;2;w;2
Lydia;2;w;2
Mai;2;w;2
Malou;2;w;2
Margarethe;2;w;2
Marija;2;w;2
Martha;2;w;2
Mavi;2;w;2
Melek;2;w;2
Mia;2;w;2
Michelle;2;w;2
Mila;2;w;2
Milena;2;w;2
Milou;2;w;2
Mira;2;w;2
Miriam;2;w;2
Nada;2;w;2
Nhi;2;w;2
Njeri;2;w;2
Plamenova;2;w;2
Renate;2;w;2
Sergeevna;2;w;2
Sora;2;w;2
Stefanie;2;w;2
Theresa;2;w;2
Tue;2;w;2
Valeria;2;w;2
Vanessa;2;w;2
Viktoria;2;w;2
Wanda;2;w;2
Yael;2;w;2
Zahra;2;w;2
Zeynep;2;w;2
;1;w;2
Abdulaevna;1;w;2
Abina;1;w;2
Acelya;1;w;2
Adrijana;1;w;2
Agbor;1;w;2
Agnes;1;w;2
Aiseosa;1;w;2
Akifova;1;w;2
Alaia;1;w;2
Alara;1;w;2
Albertine;1;w;2
Aleksandrova;1;w;2
Alena;1;w;2
Alessa;1;w;2
Alexandrova;1;w;2
Aleyna;1;w;2
Alganesh;1;w;2
Alichanovna;1;w;2
Allis;1;w;2
Alva;1;w;2
Alyson;1;w;2
Ama;1;w;2
Amalie;1;w;2
Amanda;1;w;2
Amandine;1;w;2
Amaya;1;w;2
Ambock;1;w;2
Amelia;1;w;2
Amely;1;w;2
Amila;1;w;2
Amina;1;w;2
Amoh;1;w;2
Amrei;1;w;2
Ana;1;w;2
Anabelle;1;w;2
Anaysa;1;w;2
Anaëlle;1;w;2
Anaïs;1;w;2
Andreea;1;w;2
Angeline;1;w;2
Angelique;1;w;2
Anicca;1;w;2
Aniova;1;w;2
Ann;1;w;2
Ann-Sophie;1;w;2
Annabelle;1;w;2
Anne;1;w;2
Annic;1;w;2
Anthea;1;w;2
Antonella;1;w;2
Antonina;1;w;2
Apollina;1;w;2
Aram;1;w;2
Aria;1;w;2
Arianna;1;w;2
Asaka;1;w;2
Aselya;1;w;2
Aslanbekovna;1;w;2
Asli;1;w;2
Astoria;1;w;2
Athena;1;w;2
Athina;1;w;2
Audrey;1;w;2
Aurea;1;w;2
Aurora;1;w;2
Ava;1;w;2
Aydzhan;1;w;2
Ay?e;1;w;2
Baby;1;w;2
Bahtiyar;1;w;2
Bano;1;w;2
Bao;1;w;2
Barin;1;w;2
Bartholomea;1;w;2
Beatrice;1;w;2
Belén;1;w;2
Benedetta;1;w;2
Berc?em;1;w;2
Berenice;1;w;2
Berfin;1;w;2
Berzada;1;w;2
Beyzat;1;w;2
Bianca;1;w;2
Bijou;1;w;2
Birgid;1;w;2
Birgit;1;w;2
Bo;1;w;2
Bogdanivna;1;w;2
Boyanova;1;w;2
Brigitte;1;w;2
Bruni;1;w;2
Carla;1;w;2
Carlina;1;w;2
Carmen;1;w;2
Carolina;1;w;2
Cat;1;w;2
Catherine;1;w;2
Cemile;1;w;2
Cemre;1;w;2
Cennet;1;w;2
Chanel;1;w;2
Chanela;1;w;2
Charlie;1;w;2
Charlott;1;w;2
Charmaine;1;w;2
Chau;1;w;2
Cheyenne;1;w;2
Chikaima;1;w;2
Chimamanda;1;w;2
Chloé;1;w;2
Christiane;1;w;2
Christin;1;w;2
Châu;1;w;2
Clarita;1;w;2
Clementine;1;w;2
Conde;1;w;2
Constanze;1;w;2
Cookie;1;w;2
Cornelia;1;w;2
Cristina;1;w;2
Cécilia;1;w;2
Dael;1;w;2
Dagmar;1;w;2
Damany;1;w;2
Damyanova;1;w;2
Dao;1;w;2
Darasimi;1;w;2
Deborah;1;w;2
Delali;1;w;2
Denisovna;1;w;2
Denisïvna;1;w;2
Deniz;1;w;2
Diane;1;w;2
Dila;1;w;2
Dina;1;w;2
Di?p;1;w;2
Dmitrievna;1;w;2
Doreen;1;w;2
Dorothea;1;w;2
Dursun;1;w;2
Duru;1;w;2
Dzmitrievna;1;w;2
Déborah;1;w;2
Ecren;1;w;2
Eda;1;w;2
El;1;w;2
Ela;1;w;2
Elanur;1;w;2
Elena;1;w;2
Elina;1;w;2
Eline;1;w;2
Elinor;1;w;2
Elitseva;1;w;2
Elke;1;w;2
Ellen;1;w;2
Elmira;1;w;2
Elodie;1;w;2
Elonga;1;w;2
Elowen;1;w;2
Else;1;w;2
Eléonora;1;w;2
Emabo;1;w;2
Emelie;1;w;2
Emely;1;w;2
Emilie;1;w;2
Emilova;1;w;2
Emine;1;w;2
Emme;1;w;2
Engin;1;w;2
Enkh-Ujin;1;w;2
Enna;1;w;2
Erika;1;w;2
Erin;1;w;2
Esma;1;w;2
Estelle;1;w;2
Estera;1;w;2
Eugenia;1;w;2
Evelin;1;w;2
Evie;1;w;2
Eylem;1;w;2
Eylül;1;w;2
Fatima;1;w;2
Fee;1;w;2
Felicitas;1;w;2
Felina;1;w;2
Feodora;1;w;2
Ferdinandine;1;w;2
Ferida;1;w;2
Fine;1;w;2
Firdez;1;w;2
Flora;1;w;2
Florentina;1;w;2
Freya;1;w;2
Frida;1;w;2
Fritzi;1;w;2
Fryda;1;w;2
Ganka;1;w;2
Generosa;1;w;2
Georgieva;1;w;2
Gertrud;1;w;2
Gia;1;w;2
Gisela;1;w;2
Goranova;1;w;2
Gratiela;1;w;2
Gudrun;1;w;2
Hafize;1;w;2
Hafsa;1;w;2
Hamda;1;w;2
Hanifa;1;w;2
Hanni;1;w;2
Harriet;1;w;2
Hatice;1;w;2
Hatun;1;w;2
Havva;1;w;2
Hazal;1;w;2
Hazeemat;1;w;2
He;1;w;2
Hedieh;1;w;2
Heike;1;w;2
Hel;1;w;2
Helin;1;w;2
Hira;1;w;2
Hojat;1;w;2
Holly;1;w;2
Hristova;1;w;2
Hyusein;1;w;2
Hà;1;w;2
Hélène;1;w;2
H?i;1;w;2
H?ng;1;w;2
Ibryamova;1;w;2
Idabella;1;w;2
Ifeoma;1;w;2
Ilenia;1;w;2
Iljana-Sophie;1;w;2
Illona;1;w;2
Ilse;1;w;2
Inci;1;w;2
Inga;1;w;2
Inge;1;w;2
Ingrid;1;w;2
Ini;1;w;2
Inés;1;w;2
Ioana;1;w;2
Irem;1;w;2
Irinova;1;w;2
Irma;1;w;2
Irmgard;1;w;2
Isaura;1;w;2
Ishaq;1;w;2
Isobel;1;w;2
Ivanova;1;w;2
Ivaylova;1;w;2
Ivonne;1;w;2
Iwinosa;1;w;2
Izabella;1;w;2
Jacinta;1;w;2
Jada;1;w;2
Jade;1;w;2
Jaden;1;w;2
Jainaba;1;w;2
Jane;1;w;2
Jasminka;1;w;2
Jennifer;1;w;2
Jettka;1;w;2
Jiaying;1;w;2
Jo;1;w;2
Joan;1;w;2
Joane;1;w;2
Joelle;1;w;2
Joliene;1;w;2
Jolin;1;w;2
Jolyne;1;w;2
Jonah;1;w;2
Joowon;1;w;2
Josefin;1;w;2
Josefine;1;w;2
Josephina;1;w;2
Joséphine;1;w;2
Joyce;1;w;2
Julie;1;w;2
Juliette;1;w;2
Julsa;1;w;2
Juna;1;w;2
Jutta;1;w;2
Kadi;1;w;2
Kamenova;1;w;2
Kamilla;1;w;2
Karin;1;w;2
Karlie;1;w;2
Karlotta;1;w;2
Karolayn;1;w;2
Katarzyna;1;w;2
Kathleen;1;w;2
Kathlynn;1;w;2
Katja;1;w;2
Kaur;1;w;2
Kay;1;w;2
Keise;1;w;2
Kejsi;1;w;2
Kemranova;1;w;2
khalidovna;1;w;2
Khawlah;1;w;2
Kim;1;w;2
Kimberly;1;w;2
Kinga;1;w;2
Ki?u;1;w;2
Kosisochukwu;1;w;2
Kostiantynìvna;1;w;2
Krasimirova;1;w;2
Kristina;1;w;2
Kristinova;1;w;2
Kute;1;w;2
Kübra;1;w;2
Lachezarova;1;w;2
Laila;1;w;2
Lamesi;1;w;2
Lani;1;w;2
Lara;1;w;2
Larissa;1;w;2
Laureen;1;w;2
Layla;1;w;2
Leefke;1;w;2
Leni;1;w;2
Lenia;1;w;2
Leonore;1;w;2
Letitia;1;w;2
Lila;1;w;2
Lilith;1;w;2
Lillesol;1;w;2
Lilu;1;w;2
Lilyanova;1;w;2
Linea;1;w;2
Linnéa;1;w;2
Lisbeth;1;w;2
Liselotte;1;w;2
Livi;1;w;2
Livia;1;w;2
Liên;1;w;2
Loanne;1;w;2
Lore;1;w;2
Lori;1;w;2
Lorin;1;w;2
Lotte;1;w;2
Louane;1;w;2
Loulou;1;w;2
Lovis;1;w;2
Lubov;1;w;2
Lucja;1;w;2
Lynn;1;w;2
Lóa;1;w;2
Maariyyah;1;w;2
Mabel;1;w;2
Madalina;1;w;2
Madeleine;1;w;2
Madita;1;w;2
Madlen;1;w;2
Madyson;1;w;2
Magda;1;w;2
Maj;1;w;2
Maja;1;w;2
Maksymiwna;1;w;2
Malaak;1;w;2
Malaika;1;w;2
Malak;1;w;2
Malayka;1;w;2
Malia;1;w;2
Malika;1;w;2
Malina;1;w;2
Malu;1;w;2
Manduhai;1;w;2
Mara;1;w;2
Maren;1;w;2
Margaret;1;w;2
Margaretha;1;w;2
Margot;1;w;2
Margret;1;w;2
Mariam;1;w;2
Marieke;1;w;2
Marina;1;w;2
Marlo;1;w;2
Marzia;1;w;2
Mateen;1;w;2
Mathea;1;w;2
Mathilde;1;w;2
Mavis;1;w;2
Maxime;1;w;2
Maxine;1;w;2
Mayar;1;w;2
Mayim;1;w;2
Mayleen;1;w;2
Mbwaali;1;w;2
Medine;1;w;2
Melania;1;w;2
Melike;1;w;2
Melissa;1;w;2
Melodie;1;w;2
Melody;1;w;2
Mercedes;1;w;2
Merjem;1;w;2
Merve;1;w;2
Meryem;1;w;2
Miep;1;w;2
Mihaela;1;w;2
Milana;1;w;2
Mimi;1;w;2
Mina;1;w;2
Ming;1;w;2
Minh;1;w;2
Minna;1;w;2
Minou;1;w;2
Monika;1;w;2
Mujesira;1;w;2
Mustafa;1;w;2
My;1;w;2
Nadine;1;w;2
Nafissa;1;w;2
Narjes;1;w;2
Natalia;1;w;2
Natascha;1;w;2
Nathalia;1;w;2
Nefes;1;w;2
Nehir;1;w;2
Nesiba;1;w;2
Nestorivna;1;w;2
Nezhdieva;1;w;2
Nicole;1;w;2
Ninlil;1;w;2
Njoki;1;w;2
Nodirbekovna;1;w;2
Nola;1;w;2
Nora;1;w;2
Nosa;1;w;2
Nuraeva;1;w;2
Nyambura;1;w;2
Nyhira;1;w;2
Nym;1;w;2
Octavia;1;w;2
Olif;1;w;2
Olivera;1;w;2
Onomhen;1;w;2
Orhan;1;w;2
Orli;1;w;2
Osawese;1;w;2
Osayuwamen;1;w;2
Ottilie;1;w;2
Paloma;1;w;2
Paula;1;w;2
Pavinee;1;w;2
Paz;1;w;2
Penelope;1;w;2
Pepanova;1;w;2
Perla;1;w;2
Petrova;1;w;2
Philippa;1;w;2
Philippine;1;w;2
Ph??ng;1;w;2
Pia;1;w;2
Pichunah;1;w;2
Pina;1;w;2
Pirada;1;w;2
Pola;1;w;2
Pries;1;w;2
Pulcheria;1;w;2
Qu?nh;1;w;2
Rachel;1;w;2
Rada;1;w;2
Raffaella;1;w;2
Ragül;1;w;2
Raisa;1;w;2
Razya;1;w;2
Rebecca;1;w;2
Regina;1;w;2
Rejoice;1;w;2
Renesmee;1;w;2
Renée;1;w;2
Richarda;1;w;2
Riley;1;w;2
Rosie;1;w;2
Rukija;1;w;2
Rumenova;1;w;2
Sabina;1;w;2
Sadrie;1;w;2
Said-Khusejnovna;1;w;2
Saime;1;w;2
Saki;1;w;2
Sakine;1;w;2
Salome;1;w;2
Sameè;1;w;2
Sandra;1;w;2
Saphira;1;w;2
Sara;1;w;2
Sare;1;w;2
Scarlett;1;w;2
Sefa;1;w;2
Selimanova;1;w;2
Selin;1;w;2
Selina;1;w;2
Sena;1;w;2
Serhìïvna;1;w;2
Serwaa;1;w;2
Sevda;1;w;2
Sevdzhan;1;w;2
Sevdzihanova;1;w;2
Sezginova;1;w;2
Sham;1;w;2
Shania;1;w;2
Shelly;1;w;2
Sia;1;w;2
Sigal;1;w;2
Sigrid;1;w;2
Silvianova;1;w;2
Sina;1;w;2
Sira;1;w;2
Siri;1;w;2
Skyla;1;w;2
Sohibnazarovna;1;w;2
Sonam;1;w;2
Sovann;1;w;2
Stanislova;1;w;2
Stanis?awa;1;w;2
Stephanie;1;w;2
Stoyanova;1;w;2
Sua;1;w;2
Sébastienne;1;w;2
Tabea;1;w;2
Tadea;1;w;2
Talib;1;w;2
Tamlyn;1;w;2
Tanja;1;w;2
Tara;1;w;2
Tassnim;1;w;2
Tatiana;1;w;2
Teresa;1;w;2
Thea;1;w;2
Therese;1;w;2
Theresia;1;w;2
Thiên;1;w;2
Thu;1;w;2
Th?;1;w;2
Tiana;1;w;2
Tilda;1;w;2
Tohibat;1;w;2
Tram;1;w;2
Trâm;1;w;2
Tuana;1;w;2
Tula;1;w;2
Tu?sem;1;w;2
T??ng;1;w;2
Vakhidovna;1;w;2
Valerie;1;w;2
Vesna;1;w;2
Vi;1;w;2
Vladimirova;1;w;2
Volodymyrivna;1;w;2
Véronique;1;w;2
Wandji;1;w;2
Wiktoria;1;w;2
Willa;1;w;2
Wilma;1;w;2
Wilsdom;1;w;2
Xinyi;1;w;2
Yadidel;1;w;2
Yamamah;1;w;2
Yankova;1;w;2
Yara;1;w;2
Ylvie;1;w;2
Yoshi;1;w;2
Yukie;1;w;2
Yuliyanova;1;w;2
Yuna;1;w;2
Yuqing;1;w;2
Yvette;1;w;2
Yvon;1;w;2
Zaharieva;1;w;2
Zaidoun;1;w;2
Zarai;1;w;2
Zehra;1;w;2
Zendaya;1;w;2
Zet;1;w;2
Zoe;1;w;2
Zoey;1;w;2
Zofia;1;w;2
Zuri;1;w;2
Zülal;1;w;2
?irin;1;w;2
Elisabeth;6;w;3
Marie;6;w;3
Anh;4;w;3
Anna;4;w;3
Charlotte;4;w;3
Maria;4;w;3
Sophie;4;w;3
Louise;3;w;3
Lucia;3;w;3
Bettina;2;w;3
Chi;2;w;3
Elise;2;w;3
Erna;2;w;3
Hân;2;w;3
Josephine;2;w;3
Kolshus;2;w;3
Liv;2;w;3
Luise;2;w;3
Marianne;2;w;3
Mathilde;2;w;3
My;2;w;3
Sigrid;2;w;3
Vy;2;w;3
Adda;1;w;3
Afetorgbor;1;w;3
Albertine;1;w;3
Alethea;1;w;3
Alice;1;w;3
Andia;1;w;3
Annette;1;w;3
Anusch;1;w;3
Ashoka;1;w;3
Auguste;1;w;3
Aurora;1;w;3
Batesh;1;w;3
Beatrice;1;w;3
Beryl;1;w;3
Blessing;1;w;3
Brigitta;1;w;3
Brunhilde;1;w;3
Bärbel;1;w;3
Carlotta;1;w;3
Catherine;1;w;3
Cecil;1;w;3
Cecilie;1;w;3
Charlie;1;w;3
Christa;1;w;3
Christina;1;w;3
Châu;1;w;3
Cielo;1;w;3
Constance;1;w;3
Daah;1;w;3
Diana;1;w;3
Dolores;1;w;3
Doris;1;w;3
Edith;1;w;3
Ekhosuehi;1;w;3
Elif;1;w;3
Elinor;1;w;3
Ellen;1;w;3
Emilia;1;w;3
Emily;1;w;3
Erica;1;w;3
Fanny;1;w;3
Forjour;1;w;3
Frida;1;w;3
Friede;1;w;3
Fritzi;1;w;3
Gabriele;1;w;3
Gertrud;1;w;3
Hannah;1;w;3
Hedwig;1;w;3
Heidemarie;1;w;3
Helene;1;w;3
Helga;1;w;3
Héloïse;1;w;3
Inge;1;w;3
Io;1;w;3
Irene;1;w;3
Irma;1;w;3
Janina;1;w;3
Jilbert;1;w;3
Johanna;1;w;3
Jolanda;1;w;3
Jolie;1;w;3
Josefine;1;w;3
Julia;1;w;3
Kali;1;w;3
Kamer;1;w;3
Katharina;1;w;3
Kay;1;w;3
Khadiye;1;w;3
kyzy;1;w;3
Lam;1;w;3
Lan;1;w;3
Laura;1;w;3
Lioba;1;w;3
Liza;1;w;3
Lotte;1;w;3
Lucey;1;w;3
Lucie;1;w;3
Luisa;1;w;3
Luz;1;w;3
Mafoudia;1;w;3
Manuela;1;w;3
Margarete;1;w;3
Margarethe;1;w;3
Margo;1;w;3
Margrit;1;w;3
Marlen;1;w;3
Marlene;1;w;3
Marta;1;w;3
Mathilda;1;w;3
Maxi;1;w;3
Mi;1;w;3
Mieke;1;w;3
Min?;1;w;3
Mohammed;1;w;3
Mona;1;w;3
Moncada;1;w;3
Mugakali;1;w;3
Munachimso;1;w;3
Myriam;1;w;3
Myrtille;1;w;3
Mây;1;w;3
Nabil;1;w;3
Nenita;1;w;3
Nina;1;w;3
Octavia;1;w;3
Okunade;1;w;3
Olympia;1;w;3
Pauline;1;w;3
Peaches;1;w;3
Rani;1;w;3
Renate;1;w;3
Rita;1;w;3
Rose;1;w;3
Ruth;1;w;3
Salomé;1;w;3
Sam;1;w;3
Selena;1;w;3
Senuta;1;w;3
Serwaah;1;w;3
Sharyn;1;w;3
Susanne;1;w;3
Thao;1;w;3
Theresia;1;w;3
Tr?nh;1;w;3
Verena;1;w;3
Veronika;1;w;3
Viktoria;1;w;3
Vilhelmiina;1;w;3
Vroni;1;w;3
Wariara;1;w;3
Xandara;1;w;3
Zoey;1;w;3
Zosia;1;w;3
Zoé;1;w;3
Zuzanna;1;w;3
Ân;1;w;3
Aimée;1;w;4
Amada;1;w;4
Binta;1;w;4
Christa;1;w;4
da;1;w;4
Esperanza;1;w;4
Florentine;1;w;4
Franziska;1;w;4
Gabriele;1;w;4
Gianna;1;w;4
Jara;1;w;4
Josepha;1;w;4
Kaylou;1;w;4
Lovelace;1;w;4
Luna;1;w;4
Maria;1;w;4
Marie;1;w;4
Maryla;1;w;4
María;1;w;4
Mercy;1;w;4
Nguy?n;1;w;4
Petra;1;w;4
Seddoh;1;w;4
Sophie;1;w;4
Alida;1;w;5
Conceição;1;w;5
Fernanda;1;w;5
Marie-Blanche;1;w;5
Regina;1;w;6
